id,full_name,email,bank_name,account_no,balance
1,Fancy Wiffill,fwiffill0@usatoday.com,BYLINE BANK,ME14 9498 5548 4087 1128 31,15098325.98
2,Morgan Reffe,mreffe1@liveinternet.ru,"Danske Bank A/S, Danmark, Sverige Filial",RO59 IKRV J5SL WPDF EBQW I0XV,13443547.86
3,Dixie Jamson,djamson2@sohu.com,FIRST FINANCIAL BANK,FR26 1644 1956 90QQ Y1B6 4KLL D72,32632527.35
4,Natalie Bamblett,nbamblett3@ft.com,BANCA DI CREDITO COOPERATIVO DI PERGOLA E CORINALDO SOCIETA' COOPERATIVA,LB53 1686 8NPC YFBL C5NE EFJN EB5N,46099028.9
5,Tressa Linnane,tlinnane4@example.com,SANTANDER BANK,LT56 7336 4808 6884 0435,49474300.29
6,Grove Spelling,gspelling5@photobucket.com,Bankhaus E. Mayer Aktiengesellschaft,MC49 5452 9287 46LC OLLO QYXJ B99,39019108.82
7,Ricki Oldroyd,roldroyd6@arstechnica.com,BANNER BANK,GR45 7801 245R MP5N UMXD AF2K UWY,19609178.33
8,Hildegaard Wewell,hwewell7@harvard.edu,FIRST NATIONAL BANK,AT73 3942 6585 6691 1281,5474386.28
9,Glenn Alforde,galforde8@nps.gov,Raiffeisenbank Hallertau eG,ES94 5312 2846 0260 1078 3136,7620236.46
10,Lucienne Marchbank,lmarchbank9@hatena.ne.jp,BANCA PROGETTO S.P.A.,SM53 W936 6136 352B AKOH TYL6 JG8,21668001.6
11,Bernardine Bennington,bbenningtona@amazon.co.jp,FIRST CITIZENS BANK & TRUST COMPANY,FI30 7150 3405 4776 19,40417860.44
12,Porter Brissard,pbrissardb@macromedia.com,UNION BANK & TRUST,FR80 7354 3652 712B RAWZ 5V9L L43,20473376.26
13,Alaster Kowalik,akowalikc@usda.gov,CENTENNIAL BANK,IL11 2802 2676 0910 3110 748,20284334.36
14,Caresa Klesse,cklessed@hao123.com,BANCO BPM SOCIETA' PER AZIONI,LI08 0473 86GR GJZN YUFF 5,5946564.07
15,Beatrix Emms,bemmse@shutterfly.com,FIRST STATE BANK,TR80 6045 3DUQ 78GQ IWBI J63M K5,20253450.72
16,Vince Shellibeer,vshellibeerf@flavors.me,Sparkasse Ingolstadt Eichstätt,LI54 7821 7J5Q 1WVP S2XF X,18449733.57
17,Henrik MacArte,hmacarteg@oakley.com,Wells Fargo Bank International Unlimited Company,GL03 6184 5692 3621 95,45786683.86
18,Anstice Binch,abinchh@imdb.com,Sparkasse Korneuburg AG,FI50 4966 0055 6651 22,22809721.96
19,Jeanelle Myner,jmyneri@unblog.fr,M.M.Warburg & CO (AG & Co.) Kommanditgesellschaft auf Aktien,KZ76 5912 TMN1 AYPE WUC7,39136589.74
20,Dorie Dewane,ddewanej@cbslocal.com,BNP Paribas,LI37 2582 0H9C OQZU N2PQ X,15020898.79
21,Marlane More,mmorek@com.com,IBERIABANK,LI05 4081 4MUU RVLW HI65 Z,35452062.31
22,Leupold Newark,lnewarkl@noaa.gov,PNC BANK,DK08 9443 4411 0989 28,14489017.43
23,Marna Windrass,mwindrassm@blogspot.com,Sparkasse Fürstenfeldbruck,GE97 VS46 3215 1628 4216 56,24399106.57
24,Stormie Wainer,swainern@360.cn,AION BANK,NL06 ZRIR 8481 5430 29,40368236.72
25,Federico Gurnee,fgurneeo@skype.com,US BANK,FR02 8897 8799 27P2 H2FZ ZHST H08,46078489.21
26,Khalil Hellwig,khellwigp@ox.ac.uk,BANK OF AMERICA,CY60 4483 3458 QUSN GX1Z I9FC RQG5,29776750.86
27,Fredelia Kibard,fkibardq@yellowpages.com,Facit Bank A/S,GT55 DHMX YCXJ TMGC RA4N A5QY 44TM,33871234.08
28,Rodolph Wright,rwrightr@biblegateway.com,HERITAGE BANK,FR66 4514 6572 33CT ZLHN JWG4 L54,19123645.1
29,Kikelia Rameaux,krameauxs@usa.gov,BANCA NAZIONALE DEL LAVORO S.P.A. (IN FORMA CONTRATTA BNL S.P.A.),ME50 3333 2371 9214 8594 98,14597731.13
30,Ardelle Rothery,arotheryt@yellowbook.com,Bankhaus Carl Spängler & Co. Aktiengesellschaft,NO43 4412 2902 784,26358111.59
31,Davide Jeschner,djeschneru@netlog.com,US BANK,AD94 2397 7870 UJOU LN7M MVY2,36667695.24
32,Elladine Cathery,ecatheryv@tinyurl.com,Sparekassen Danmark,SK17 8723 4362 0306 1762 0111,28255188.05
33,Rene Hallor,rhallorw@amazon.co.uk,ING Bank N.V.,SA78 82Y2 TUBW 2W3L STG0 0VNN,12192690.74
34,Russell Hillaby,rhillabyx@who.int,BANK OF AMERICA,AL03 2376 2838 RAPV MDKM GYNJ 9Y0T,43396476.11
35,Kylila Brasted,kbrastedy@cbc.ca,Bankhaus E. Mayer Aktiengesellschaft,GT34 36XC OWIL SOXI YDDL K0FQ SSRC,22771904.94
36,Henrietta Weedon,hweedonz@smugmug.com,THE PEOPLES BANK,TR08 7136 0WVC 3ONH 3VI3 PNNJ HG,47373308.18
37,Flory Bourley,fbourley10@home.pl,NEW YORK COMMUNITY BANK,KZ02 104Y S0V2 P7Y5 RY07,42292994.98
38,Zora Stockwell,zstockwell11@google.pl,Raiffeisenbank St. Johann-Wagrain-Kleinarl eGen,KZ75 592G T1YK 6CUV YZGL,13698081.65
39,Roseanna Filippo,rfilippo12@diigo.com,CITIZENS BUSINESS BANK,AT85 7366 2300 3170 7267,10273026.87
40,Modestine Gabrieli,mgabrieli13@spiegel.de,BANCO BPM SOCIETA' PER AZIONI,FR41 7913 2372 50A8 75FR BMUS 313,29072398.33
41,Isidora Bosence,ibosence14@dedecms.com,VALLEY NATIONAL BANK,BE43 9249 5427 0496,14521665.64
42,Carlie Fairholm,cfairholm15@simplemachines.org,FARMERS STATE BANK,BA50 4805 6268 7498 5856,33633140.44
43,Loutitia Ganley,lganley16@imageshack.us,Bank Spółdzielczy w Tarnobrzegu,FR77 7943 5063 96UG JQGF HBA8 X97,30170690.38
44,Tierney Sissland,tsissland17@shutterfly.com,IBERIABANK,MT75 XTHD 9727 8CLH QEGW PTQN DFYL PPE,2758646.96
45,Amber Clemas,aclemas18@google.cn,CITIZENS BANK,MT43 HMJB 7027 3EEM B80K 0ZIK TKFY 9FZ,3626854.11
46,Imelda Frampton,iframpton19@theglobeandmail.com,DEUTSCHE BANK AKTIENGESELLSCHAFT,LB82 6664 ZSMK MI7A WCFA FRUP EOPB,5444647.62
47,Quentin Titterrell,qtitterrell1a@vkontakte.ru,JPMORGAN CHASE,FR22 0769 2660 62LJ L6NU IXHK N89,20928677.78
48,Clarice Holson,cholson1b@123-reg.co.uk,HVIDBJERG BANK A/S,MD96 MGWH D5TW WA4S H3WC 8OHK,10861819.89
49,Charmain Brettoner,cbrettoner1c@amazonaws.com,Banque Hottinguer,FR64 3684 0074 155L EJZS NVCT 305,48118520.27
50,Nat Storkes,nstorkes1d@earthlink.net,VR-Bank Ellwangen eG,FO25 2964 5860 4644 09,46620226.43
51,Doroteya Burnard,dburnard1e@stanford.edu,Axa banque,NL27 BIJC 1272 9949 57,27226389.8
52,Bordy Willimont,bwillimont1f@drupal.org,BMO HARRIS BANK,FR25 8270 1697 67YF EOCO VPSM R04,46814889.89
53,Jessalyn Belford,jbelford1g@vimeo.com,US BANK,RO36 VWMF TNAS C9KS QUNO 9KLQ,13066722.08
54,Doe Dibley,ddibley1h@nydailynews.com,COMERICA BANK,FR14 3817 9145 34FN KG68 IXNI M87,33387720.01
55,Ilyssa Espin,iespin1i@tinyurl.com,CADENCE BANK,FR44 5019 3036 62JW DSZV R87U Q18,7926417.39
56,Isador Milburn,imilburn1j@google.com,STONEGATE BANK,HU57 2418 6332 0931 8094 2692 8240,18493445.34
57,Sarge Northley,snorthley1k@123-reg.co.uk,Woori Bank Europe GmbH,SA81 35CT 8W1U F1G4 PO3J 8VK2,13923665.21
58,Edithe Carse,ecarse1l@wix.com,Cara Credit Union Limited,PT22 5036 7451 2392 4730 5141 3,30930340.08
59,Sascha Tackett,stackett1m@msn.com,Raiffeisenbank Arlberg Silvretta eGen,EE93 8569 2604 1017 8624,49969721.2
60,Duffy Comsty,dcomsty1n@auda.org.au,JPMORGAN CHASE,SA64 55UI CG2R NOAQ PMGP NBUG,43147275.08
61,Doll Corck,dcorck1o@gmpg.org,FIFTH THIRD BANK,MK80 019R DZLM C3RD E16,42085385.72
62,Zedekiah Foston,zfoston1p@list-manage.com,KEYBANK,HU62 7827 2866 5809 0564 4084 6311,49809017.35
63,Berta Legges,blegges1q@meetup.com,BMO HARRIS BANK,FR21 4051 6497 68LX V82P ISBB E68,27159584.86
64,Cointon Slyford,cslyford1r@mapy.cz,PEOPLES BANK,TN66 9600 3390 2065 5661 6942,41820162.78
65,Maryrose Grizard,mgrizard1s@slate.com,MBH Befektetési Bank Zártkörűen Működő Részvénytársaság,AD61 4738 4364 S6F5 WWGQ 9JYL,34565841.56
66,Teresita Fountaine,tfountaine1t@blogtalkradio.com,BANCO BPM SOCIETA' PER AZIONI,IL38 2292 6668 5281 5557 972,23699566.89
67,Ellyn Nyles,enyles1u@wiley.com,Raiffeisenbank Region Rohrbach eGen,PK49 DBQG MMFU XN44 RDTJ YV7N,25506672.58
68,Giustina Kither,gkither1v@elegantthemes.com,SOUTH STATE BANK,CR68 7186 0985 4725 2570 3,41062504.92
69,Lenci Giorgini,lgiorgini1w@com.com,PARK NATIONAL BANK,PS28 JFSU 2WEZ MFUW VIJG 0M2J THCO O,3288813.12
70,Loralie Kirsopp,lkirsopp1x@blog.com,SANTANDER BANK,ME97 2737 4230 6302 8635 14,23337796.02
71,Anatola Bastone,abastone1y@icq.com,BANCO BPM SOCIETA' PER AZIONI,FR35 3018 3141 34SW MPT9 XOFP A24,28712748.54
72,Branden Eliot,beliot1z@cargocollective.com,CENTENNIAL BANK,NO28 3907 7934 800,40282109.66
73,Gilberto Yakolev,gyakolev20@theglobeandmail.com,BRANCH BANKING & TRUST COMPANY,DE37 4820 6727 7240 4681 00,29252263.95
74,Farley Congdon,fcongdon21@ca.gov,Banque Degroof Petercam Luxembourg S.A.,TR29 1008 6VAB XNTK GM6M FZXQ DF,45276051.1
75,Marleen Biers,mbiers22@bigcartel.com,DEUTSCHE BANK AKTIENGESELLSCHAFT,PT03 0947 4316 7935 6685 6182 8,6600889.16
76,Malia Coller,mcoller23@scribd.com,Erste Group Bank AG,MD19 JX2T SILL 9MBD IEGE L4PE,46342809.96
77,Berti Fewster,bfewster24@wufoo.com,CITIBANK WEST,GT02 RQAP BZRN WGDJ VIJZ 7TYN LOLI,39550429.92
78,Mile Gallamore,mgallamore25@nasa.gov,Banque populaire du Nord,PK10 PXMA KGFK NKTD 1PNV SSSX,34859382.01
79,Dietrich Sailor,dsailor26@oakley.com,CENTENNIAL BANK,TN38 8650 5466 8859 2960 6125,282690.63
80,Even Grisley,egrisley27@dailymail.co.uk,BANCA NAZIONALE DEL LAVORO S.P.A. (IN FORMA CONTRATTA BNL S.P.A.),AZ49 MVMF 8NHL TTSM Z4B2 XSEK SAGN,45945610.03
81,Floyd Odd,fodd28@answers.com,CITIZENS STATE BANK,AL29 2738 9109 JK4W SFRY 5BFI FFDA,47644183.93
82,Saidee Hrishchenko,shrishchenko29@rambler.ru,SMART BANK SOCIETÀ PER AZIONI IN AMMINISTRAZIONE STRAORDINARIA,GT06 6CGO QLL9 FX6W 5HG9 B8O4 FVQB,22427189.46
83,Amata Sinott,asinott2a@t-online.de,THE PEOPLES BANK,HR57 6425 4077 8983 0473 7,11934527.89
84,Albertina Grece,agrece2b@sitemeter.com,BANK OF THE WEST,FR71 1776 1630 45Q1 KY86 9BEG 450,8466933.97
85,Carlin Scarlett,cscarlett2c@marketwatch.com,PEOPLES STATE BANK,FR47 0297 4463 76GH N1DM DDC0 E01,45739708.4
86,Rasla Drever,rdrever2d@nifty.com,FIDELITY BANK,FR10 5289 1709 19BG 67WT TLS3 U10,43421977.91
87,Darcy Goodsell,dgoodsell2e@free.fr,"Caja Rural de Casas Ibáñez, S. Coop. de Crédito de Castilla-La Mancha",AZ89 MNII ZJZH XB9A Y6PV NJJ4 RMPQ,22426627.99
88,Joete MacDearmaid,jmacdearmaid2f@ow.ly,BANCA DI CREDITO COOPERATIVO DI LEZZENO (COMO) - SOCIETA' COOPERATIVA A RESPONSABILITA' LIMITATA,LU52 076F DU5B 2JRS 51UD,3326424.33
89,Ilse deKnevet,ideknevet2g@salon.com,Volksbank Heiden eG,FR24 1735 7101 32QQ IU9I UQKZ D51,48426043.67
90,Noe Coomber,ncoomber2h@blogs.com,COMMERCIAL BANK,IT98 X875 4640 459P 6EON 7QWR PLS,26460505.07
91,Kris Stirman,kstirman2i@topsy.com,BGL BNP Paribas,DK23 8520 2556 3208 46,1419961.71
92,Libbie Woodstock,lwoodstock2j@about.com,MAINSOURCE BANK,HU65 0003 7220 5740 3575 7238 5945,3211270.71
93,Rosie Frensch,rfrensch2k@yelp.com,FIRST FIDELITY BANK,EE29 4167 7547 9713 9928,11302900.74
94,Uta Assard,uassard2l@google.de,STATE BANK AND TRUST COMPANY,GB38 HZIY 0606 3007 2172 00,35414181.26
95,Sibelle Bernardino,sbernardino2m@51.la,GREAT LAKES CREDIT UNION,CH19 6548 3WJC UL4J BVKV M,18819704.75
96,Miles Bourchier,mbourchier2n@gov.uk,BANCO BPM SOCIETA' PER AZIONI,DO21 FYG4 0519 7045 7521 8567 8217,25081765.39
97,Albertina Hodges,ahodges2o@clickbank.net,CITIZENS STATE BANK,TN02 1397 3069 6667 4366 6044,2112144.01
98,Jeffry Mirfield,jmirfield2p@godaddy.com,JPMORGAN CHASE,CH19 3878 6WVV HOGP Q6RG 0,13451050.0
99,Gerladina Hatchard,ghatchard2q@youtu.be,BANCO BPM SOCIETA' PER AZIONI,FR59 9311 7697 846P DJGB 6OOL 964,19110004.02
100,Mavra Berendsen,mberendsen2r@usda.gov,Instituto de Crédito Oficial,IT50 U344 1640 651I PLWG YJDC XGS,19180435.09
101,Catherina Heyworth,cheyworth2s@ucoz.com,COMMUNITY FIRST BANK,GT69 D1GX ASCA SZTM OXGY CJUL CMSG,39732390.09
102,Sascha Penrith,spenrith2t@wp.com,BANK OF AMERICA,LI92 0516 9IIZ KTP5 ZWTP Y,16812353.26
103,Ondrea Grimmer,ogrimmer2u@netlog.com,KREMSER BANK UND SPARKASSEN AKTIENGESELLSCHAFT,BH06 ZSDC BIR3 X1NO KDZR CV,31896483.33
104,Izak Slayton,islayton2v@storify.com,INTERBANK,FR56 4118 0509 175I JYJD 3TGM S86,2798881.32
105,Darn Diggle,ddiggle2w@symantec.com,BANCO DE INVESTIMENTO GLOBAL S.A.,SK84 2644 9967 8832 1051 5374,39066050.52
106,Kelley Dukelow,kdukelow2x@ucoz.ru,INTERNATIONAL BANK OF COMMERCE,IS22 3314 4022 2810 7021 0243 86,16148547.01
107,Gilberte Joule,gjoule2y@mac.com,Sparkasse Duisburg,FI30 0872 7818 9860 93,34167958.11
108,Elmore Brewers,ebrewers2z@wufoo.com,BANCO BPM SOCIETA' PER AZIONI,PT50 5022 1445 3140 3678 7022 6,37913976.69
109,Cristin Escritt,cescritt30@acquirethisname.com,BMO HARRIS BANK,AD29 1149 7727 F4WL CFYN I2BA,13121709.65
110,Fielding Hing,fhing31@patch.com,FIL Fondsbank GmbH,GR25 9841 646L DLRF LZ2D RB0E SIZ,40280238.98
111,Lorrin Redd,lredd32@answers.com,SOUTH STATE BANK,FR96 7724 6556 435F 0FF4 05NR 828,10896884.51
112,Emilia Collyns,ecollyns33@shutterfly.com,V-Bank AG,SK96 1850 8694 8314 9611 6421,30480697.64
113,Dolores Walcot,dwalcot34@google.com.br,Norddeutsche Landesbank - Girozentrale -,FO90 6284 8967 2900 02,36558381.25
114,Darrell Pindar,dpindar35@wsj.com,BEAR STATE BANK,RS31 6137 1958 7770 0150 03,21665612.89
115,Teodorico Garton,tgarton36@shop-pro.jp,Volksbank Hellweg eG,HU35 2948 6891 8281 5817 2296 9444,30658340.91
116,Ambrosius Lamport,alamport37@nature.com,BANKPLUS,CH87 5261 7ZTM EFGV TKKP 6,24205005.35
117,Chrysler Buddock,cbuddock38@sfgate.com,FIRST NATIONAL BANK,PK14 ACLQ CFC2 HPU0 FQZP AALF,388286.62
118,Joanna Whyte,jwhyte39@people.com.cn,JPMORGAN CHASE,TR86 1961 5T34 VVQW GNAL ZSJU VC,39965143.75
119,Georgina Offin,goffin3a@goo.ne.jp,BPCE,GE72 TW31 3988 9657 8648 25,37836755.22
120,Orran Eskrigg,oeskrigg3b@ow.ly,PEOPLES BANK,TR29 5586 8MVN BUVB X7MI HF4X UZ,30251446.5
121,Michal Yeates,myeates3c@cbsnews.com,Volksbank an der Niers eG,SI66 7915 8955 9541 199,13815983.23
122,Malcolm Chitham,mchitham3d@prlog.org,FIRST BANK S.A.,TR64 1520 7GBL IEGH WEGE 4YMN LL,22174942.03
123,Donalt Twatt,dtwatt3e@clickbank.net,INTERBANK,PS90 EBCP VDEH 3NJK GSRR ROOX Y1R0 R,9241402.95
124,Trent McKendo,tmckendo3f@simplemachines.org,T.C. Ziraat Bankasi A.S.,FR50 2300 9541 76EP ZDMD XYCY M59,15921325.45
125,Owen Frantz,ofrantz3g@liveinternet.ru,RENASANT BANK,LI62 9863 1KM6 KVGO OPYJ Q,9360446.34
126,Staci Maffei,smaffei3h@tamu.edu,CAPITAL BANK,FR25 1536 3244 80QJ HD1O 7BPJ U20,12623558.91
127,Mitchell Hares,mhares3i@harvard.edu,VALLEY NATIONAL BANK,BH56 ELUF GYRD EAIN OY3W ED,44634769.21
128,Bartholomeus Schroeder,bschroeder3j@intel.com,PROSPERITY BANK,BE12 9010 2887 7286,10511791.91
129,Agnes Cestard,acestard3k@youku.com,BANCO BPM SOCIETA' PER AZIONI,LU40 992X CSRG C38I DLEX,30319813.24
130,Dinnie Briggs,dbriggs3l@kickstarter.com,INTERNATIONAL BANK OF COMMERCE,ME69 9685 5946 3712 9196 72,49636182.71
131,Janelle De Stoop,jde3m@cnbc.com,FIRST NATIONAL BANK,AL65 1610 3799 GC6A PDV4 JXQQ Z3UN,24530188.67
132,Harrie Mulran,hmulran3n@wikimedia.org,COMMERCE BANK,FR09 2038 9639 15KU QSI3 VCR7 638,14025493.66
133,Archibaldo Rickesies,arickesies3o@unicef.org,"Banco Bilbao Vizcaya Argentaria, S.A.",TN96 3011 4802 5949 8327 5819,1035686.19
134,Abba Maleham,amaleham3p@webmd.com,BMO HARRIS BANK,AD63 2809 6502 HXOQ VKHE 80IS,1295757.43
135,Audie Merrick,amerrick3q@exblog.jp,GREAT WESTERN BANK,PL66 6811 1938 3364 9259 9122 0857,1529558.29
136,Darya Geraldo,dgeraldo3r@tmall.com,DEUTSCHE BANK S.P.A.,KW38 HCTC E4FV UVAY AVDI NP0Z SZLG PK,8614756.73
137,Tomasina Churchward,tchurchward3s@stanford.edu,FIRST NATIONAL BANK OF PENNSYLVANIA,BR51 1893 7322 7712 4132 4755 211Y T,26614707.02
138,Fairfax Rolf,frolf3t@tripod.com,CHEMICAL BANK,VG19 YKWJ 0035 6580 6415 3179,11947776.25
139,Shayla Haker,shaker3u@msn.com,VR Bank Rhein-Neckar eG,FR97 8813 1422 24IA R8VY CQVF N73,31511665.36
140,Salvatore Bodicam,sbodicam3v@google.co.jp,CaixaBank Wealth Management Luxembourg S.A.,BH35 SOQD MMCT VQFR WMA0 LE,20193708.82
141,Edee Kynson,ekynson3w@rakuten.co.jp,FIRST NATIONAL BANK,AZ72 XXIV SX6J LNKB 0YIU VZHB XY97,365327.1
142,Harrie Thunnercliff,hthunnercliff3x@livejournal.com,Raiffeisenbank Hippach-Hart eGen,MT53 IOLA 2809 1GHS RUUD TXU4 OGHL VYJ,39732535.39
143,Forester Roff,froff3y@google.com,GLACIER BANK,BG84 SOAX 4537 79KM MNXR 2C,27149575.91
144,Heddie Fairn,hfairn3z@adobe.com,NYKREDIT REALKREDIT A/S,BE18 9297 1801 9516,22051706.91
145,Elora McLugaish,emclugaish40@merriam-webster.com,M & T BANK,FR09 2164 0401 56EE WQOG 7KMM Z51,46486714.14
146,Christina Juanico,cjuanico41@tmall.com,Norddeutsche Landesbank - Girozentrale -,SA26 78KJ KR5H SEWL JMJX 7RKP,2791008.39
147,Caryl Goodright,cgoodright42@surveymonkey.com,Diac,GE15 MD70 0798 4397 3722 98,12121374.58
148,Orsola Masser,omasser43@answers.com,Raiffeisenbank Dietersheim und Umgebung eG,FR82 7641 5807 02IJ 656L EVAK Z11,34987781.15
149,Susy Constantine,sconstantine44@businessweek.com,Volksbank Geest eG,LV80 LTSQ WSQK UH4E U8GX S,3696551.95
150,Clarissa Scarsbrook,cscarsbrook45@harvard.edu,NEW YORK COMMUNITY BANK,CH87 5153 0XLQ VL03 A6WO M,33830216.93
151,Zorana Sheach,zsheach46@dropbox.com,BANCA DI BARI E TARANTO CREDITO COOPERATIVO - SOCIETA' COOPERATIVA,SI53 9078 9731 4998 055,34970007.39
152,Taylor Brooks,tbrooks47@opensource.org,"Raiffeisenlandesbank Kärnten - Rechenzentrum und Revisionsverband, registrierte Genossenschaft mit beschränkter Haftung",FR92 2489 5486 576H ZDTD 9XOU I07,41212283.76
153,Kipper Abethell,kabethell48@amazonaws.com,BMW Bank GmbH,PS75 KAAQ HHZH IS9X OMY7 NUGF VRCN S,46962677.89
154,Aylmer Di Francecshi,adi49@cornell.edu,USALLIANCE FEDERAL CREDIT UNION,RO24 CBFI BFMO DBPY EG16 MCR2,41039833.66
155,Karina Insley,kinsley4a@cdbaby.com,CORNERSTONE BANK,TR61 0073 5GRH A73J IQZ3 1ZKU UY,1981960.33
156,Ax Gossage,agossage4b@spiegel.de,MAINSOURCE BANK,TN45 6919 5093 0989 4621 6525,37791161.52
157,Sherwin Silvers,ssilvers4c@youtube.com,"Fio banka, a.s.",BA43 8730 7415 9318 0757,10040115.8
158,Marlowe Blumer,mblumer4d@networkadvertising.org,VR-Bank Fläming-Elsterland eG,LB79 6480 JOEB FOQF INKK PLV7 47SB,26103973.88
159,Eugenie Geake,egeake4e@deliciousdays.com,THE HUNTINGTON NATIONAL BANK,LI97 4375 09JY L3MR HC7J Y,2254891.78
160,Therese Sleit,tsleit4f@youku.com,UBS Europe SE,MT55 VHWG 9951 7N1U 5TLQ TWH4 XW7T API,7363881.78
161,Elia Pirri,epirri4g@jugem.jp,BANCO BPM SOCIETA' PER AZIONI,MC13 1274 6475 35H1 HHKO UNCA J39,29897614.46
162,Georgie Bracer,gbracer4h@weebly.com,BEOBANK NV/SA,SK51 6033 8617 5962 0668 1879,18241538.61
163,Wakefield Haughian,whaughian4i@usa.gov,FIRST NATIONAL BANK,PS72 WNYD LCKH TQ8W EIG5 CKXD 9D1K W,29079284.22
164,Royal Gallgher,rgallgher4j@dion.ne.jp,Crédit Agricole S.A.,SI04 7972 4747 6137 135,27848831.02
165,Jdavie Traske,jtraske4k@guardian.co.uk,CAMDEN NATIONAL BANK,CZ28 3844 5139 6356 2568 7338,39262278.2
166,Shaylynn Ogelsby,sogelsby4l@imageshack.us,CAPITAL ONE,LI02 6234 7KOL 7MOO EBR9 U,13431938.97
167,Delmore Corzon,dcorzon4m@unblog.fr,BANCO POPULAR,FR95 8777 7896 19GE LLK1 SMKF X39,35301891.8
168,Coralyn McGovern,cmcgovern4n@netvibes.com,BMO HARRIS BANK,AZ32 XIKW MECM RIZK 2WVN ZYK1 1O0L,43134522.18
169,Thalia Kitchinghan,tkitchinghan4o@about.me,FARMERS BANK,TN80 3815 2910 1347 7441 6250,25579867.71
170,Paul Mayger,pmayger4p@mozilla.com,UNITED COMMUNITY BANK,IE76 VONT 6854 5967 3721 00,24232922.91
171,Annis Corgenvin,acorgenvin4q@skype.com,DEUTSCHE BANK S.P.A.,CR70 3660 4441 7734 0820 9,47938341.21
172,Jamal Ralston,jralston4r@qq.com,TD BANK,FI68 6829 5578 9290 81,22641254.41
173,Marena Piddlehinton,mpiddlehinton4s@nydailynews.com,PNC BANK,HU72 2577 0573 7008 6350 6614 6448,29699526.89
174,Genny Roughley,groughley4t@dyndns.org,CAPITAL ONE,GI86 XTXD AT6G OZTX VPPN RGE,36975915.09
175,Gabrila O'Moylane,gomoylane4u@ibm.com,CITIZENS BANK,KW34 UWMK UPEY FULZ PZZI MD8E J2SQ BB,15964576.2
176,Garland Keson,gkeson4v@wikimedia.org,CAPITAL BANK,FR46 8658 3182 98II KFXA 6PCT T33,27497940.58
177,Ezekiel Oldrey,eoldrey4w@nps.gov,KEY BANK,PL87 6436 5245 9053 3389 4921 5380,43151185.84
178,Thane Youthed,tyouthed4x@chron.com,FIRST NATIONAL BANK,LT88 9579 2779 9565 6783,37238891.8
179,Normy Royall,nroyall4y@google.cn,BEAR STATE BANK,AT45 3181 4517 6970 0162,38763435.05
180,Niccolo Hamner,nhamner4z@vkontakte.ru,FIRST STATE BANK,FR04 3291 5552 526J 0XSW 0J9C Z80,28551917.45
181,Ingamar Decruse,idecruse50@salon.com,State Bank of India,GE48 NQ45 5931 0478 6256 82,14067785.72
182,Georgy Peacher,gpeacher51@google.com.br,UNITED BANK & CAPITAL TRUST COMPANY,GT77 VWRT BJXD Q6M9 3N05 YSH2 M4NJ,25137848.51
183,Vonnie Caze,vcaze52@slate.com,Sparbanken Syd,SK30 3326 2766 7430 7006 5391,31316510.93
184,Josephina Burder,jburder53@marketwatch.com,FIRST MERCHANTS BANK,FR62 7581 8209 08GN NEJX WYTT P78,8807867.71
185,Madalyn Kynd,mkynd54@weibo.com,FIRST NATIONAL BANK,VG65 NSZT 1584 7412 9781 3626,31378338.13
186,Jefferson Dally,jdally55@privacy.gov.au,BMO HARRIS BANK,KZ86 970P EDEN JKYI M433,44387867.72
187,Teodora Bartalini,tbartalini56@auda.org.au,BANCA NAZIONALE DEL LAVORO S.P.A. (IN FORMA CONTRATTA BNL S.P.A.),TR35 5751 5SSJ WHDH W4QL VMBQ II,39725939.62
188,Price Gerty,pgerty57@ucoz.ru,Bank 1 Saar eG,DO11 JWGF 2634 4385 5299 4769 6647,15879640.14
189,Mellisent Tendahl,mtendahl58@blog.com,CITIBANK,BE04 8460 5645 1647,34161730.91
190,Bren Cradoc,bcradoc59@ted.com,CITIZENS BANK,KW31 DDYQ GOPM UB3W E7NO YGMP 03S3 FW,27690851.92
191,Jephthah Mazin,jmazin5a@sohu.com,FIRST STATE BANK,FR59 7687 9120 715S TWEE UE7H L98,21430479.85
192,Gwendolyn Cogzell,gcogzell5b@homestead.com,Sparkasse Regensburg,FR70 0312 0314 71FQ FDZH QYU5 B89,10449168.27
193,Brunhilde Tourot,btourot5c@army.mil,"HAITONG BANK, S.A.",AE23 3250 7806 2166 8612 072,5670059.84
194,Bernadine Assinder,bassinder5d@state.tx.us,FIRST COMMUNITY BANK,MT66 FIVS 1256 8CA8 Y2WS HFGE TKZE H7T,3769218.22
195,Noemi Bartalucci,nbartalucci5e@redcross.org,WELLS FARGO BANK,MD79 TIRL 9HK5 JPJA X7QH 5STE,13589038.54
196,Hyman Kitteringham,hkitteringham5f@huffingtonpost.com,Raiffeisen Regionalbank Mödling eGen,KW87 AMLV MQ1Y BVRP WWIB T2UF IO1U LY,34561654.72
197,Deedee Chastand,dchastand5g@harvard.edu,FIFTH THIRD BANK,PS47 NUNS DFP0 B2KK BDKY AWAN JZ9R R,38307699.08
198,Sari Marquiss,smarquiss5h@bloglines.com,SOUTH STATE BANK,BE84 9412 1409 9913,35871471.21
199,Clemens Venditto,cvenditto5i@vistaprint.com,"Banco Bilbao Vizcaya Argentaria, S.A.",IS45 3982 9660 8436 9274 4772 93,28732526.24
200,Ardeen Duffit,aduffit5j@globo.com,GRENKE BANK AG,BH03 GQEB NEDC WO6T 0WZS EX,28669615.17
201,Dorisa Abry,dabry5k@yelp.com,BANCA AKROS S.P.A.,FR70 6513 4355 888H XPNT RYLU V15,49872503.14
202,Zora Hucker,zhucker5l@odnoklassniki.ru,WELLS FARGO BANK,SI84 0167 2421 0339 630,27713252.0
203,Sutton MacDunlevy,smacdunlevy5m@drupal.org,FIRST NATIONAL BANK,FR45 5244 2761 35RM PS96 QDTG C97,29323701.35
204,Holmes Whitley,hwhitley5n@moonfruit.com,CAPITAL BANK,FR89 9723 0195 60SB PVD6 L9XK I71,5414478.87
205,Lelia Cancellieri,lcancellieri5o@yale.edu,INTERNATIONAL BANK OF COMMERCE,FR92 6078 5529 21DN LP4J 78UW C07,42076390.95
206,Dallas Pidler,dpidler5p@narod.ru,US BANK,FR35 1696 9687 14KH UVMY FI6V N99,12636899.5
207,Chuck Melarkey,cmelarkey5q@wiley.com,State Bank of India,FR33 9148 6506 87FG GNOM CNBR N87,5545675.75
208,Missy Bernolet,mbernolet5r@irs.gov,FIRST BANK,AE26 4046 5683 2833 3647 030,47619604.33
209,Isabella Evanson,ievanson5s@histats.com,REGIONS BANK,FR49 9788 3837 65EZ W5QX PSEN B41,34735239.94
210,Sheri Loade,sloade5t@toplist.cz,Deutsche Oppenheim Family Office AG,LB78 3860 1LGG CMIF TWND FVRT Q1OX,3532925.17
211,Jolyn Lober,jlober5u@chicagotribune.com,FARMERS & MERCHANTS BANK,PT68 1013 2826 4471 9517 2798 0,24102315.71
212,Maura Lowmass,mlowmass5v@artisteer.com,US BANK,SM16 O967 9540 672S BTLC VADB KSL,30430988.03
213,Mariana Lucock,mlucock5w@usa.gov,BANK OF AMERICA,EE29 3267 0780 8152 4937,10773287.92
214,Veronica Lucks,vlucks5x@mapquest.com,vdk bank,LU40 098U DEJ1 LSON GYQ8,24163534.08
215,Colene Elcy,celcy5y@boston.com,"AB ""Fjord Bank""",AE74 3415 0066 1604 4294 436,28177750.37
216,Salomo Grushin,sgrushin5z@marriott.com,US BANK,MR09 4555 0783 9092 4197 4346 004,5144283.53
217,Clemens Eastment,ceastment60@over-blog.com,UNITED BANK & CAPITAL TRUST COMPANY,DE40 1512 9375 8195 9454 79,44975188.2
218,Ardith Monery,amonery61@ocn.ne.jp,PEOPLES BANK,MC93 3611 5181 53PN BCWP JJ12 I36,44132450.32
219,Gabi Petti,gpetti62@about.com,Raiffeisenbank Region Waldviertel Mitte eGen,GR72 3832 017A CWHL S1WI ILMW L0P,1520840.19
220,Mable Lofthouse,mlofthouse63@networksolutions.com,GREAT SOUTHERN BANK,GB22 YVAN 1951 6240 1747 75,45132937.98
221,Eula Perris,eperris64@newsvine.com,J.P. Morgan SE,FR10 8739 9618 022V V7GK PEWM Z97,25299983.57
222,Verene Scudder,vscudder65@prnewswire.com,BANCO BPM SOCIETA' PER AZIONI,AL33 3164 3887 S4IL OKV5 L3HK VHYP,10508641.58
223,Elnora Van Der Hoog,evan66@twitpic.com,St. Agnes Credit Union Limited,LV36 PQOR WAFH OKGO VYJP T,36620780.64
224,Corliss Charge,ccharge67@rambler.ru,PNC BANK,NO10 7135 4566 784,31953540.48
225,Randolph Howgill,rhowgill68@utexas.edu,Bank Spółdzielczy w Mszczonowie,PS96 PNIQ SSG2 JQUL NV5R NBY4 LH34 T,19242965.23
226,Rosaleen Corryer,rcorryer69@huffingtonpost.com,CITIZENS NATIONAL BANK,BE09 2993 8946 4074,7924271.3
227,Agustin Bisseker,abisseker6a@google.cn,BANK OF AMERICA,LB08 7411 XGYX C7E7 H8IJ YZZK FHJO,1388624.57
228,Kerby Vegas,kvegas6b@zimbio.com,Raiffeisenbank Mureck eGen,FR73 0860 1185 44TK IXSU GKVF D11,38838728.17
229,Vinni Rigg,vrigg6c@nba.com,UNION BANK & TRUST,BR31 1284 8225 9414 4360 7035 009Y Y,6886021.93
230,Mordecai Maggi,mmaggi6d@amazonaws.com,BANCA NAZIONALE DEL LAVORO S.P.A. (IN FORMA CONTRATTA BNL S.P.A.),AD12 6848 5337 SBNM 05ZW AYH8,22604516.03
231,Bink Tyson,btyson6e@edublogs.org,Raiffeisenbank Taufkirchen-Oberneukirchen eG,LU67 143M NLSY PQCM PULM,27740003.96
232,Kelly Debold,kdebold6f@bing.com,RENASANT BANK,AL03 8835 0217 ONTS WO66 C3SJ RMX9,39005849.11
233,Luciano Hollebon,lhollebon6g@wix.com,Skandinaviska Enskilda Banken AB,DE18 4701 1707 1993 0116 11,19383719.47
234,Robenia Luckman,rluckman6h@stanford.edu,M & T BANK,FI48 0900 2470 9264 51,8650145.68
235,Gerik Boissier,gboissier6i@printfriendly.com,Raiffeisenbank Frauenkirchen-Mönchhof-Podersdorf am See eGen,MT73 DPSM 6660 9CVN AUSE URLX GN5B QD0,45789232.58
236,Franny Grigolon,fgrigolon6j@seesaa.net,EASTERN BANK,GR91 8232 641B YRKE PXHJ 0W3L PN8,14199273.88
237,Wilbert Swalough,wswalough6k@auda.org.au,Kreissparkasse Fallingbostel in Walsrode,GE19 RQ34 7090 4470 9659 65,19543182.06
238,Ryon Hardan,rhardan6l@answers.com,CITIZENS BANK,CZ83 5224 7708 1877 4141 2173,2820123.07
239,Harlin Rousell,hrousell6m@ow.ly,FIRST STATE BANK,BG49 YRYF 6190 53J6 P1NG LW,21167750.75
240,Randie Beadnall,rbeadnall6n@walmart.com,My Money Bank,AZ25 RSDQ EHBZ OP40 Q2RP 3R7I RIZI,1287687.15
241,Idaline Dickenson,idickenson6o@diigo.com,Raiffeisenbank Oststeiermark Nord eGen,RO87 LHKC BSSV MVWW R4FC VXUK,28147130.55
242,Ammamaria Derrington,aderrington6p@businessweek.com,BANCO BPM SOCIETA' PER AZIONI,MK39 722A UFXP 19R0 W96,40253288.44
243,Kelcy Waterhowse,kwaterhowse6q@symantec.com,KEY BANK,KW10 XNYZ WWOV LBB5 JIDX AZTM HWW8 T2,32538132.31
244,Harry McAuslan,hmcauslan6r@dot.gov,Banque populaire du Sud,PL68 7401 9295 9891 7154 7962 0971,39751936.31
245,Denney Gehrtz,dgehrtz6s@youtu.be,COMPASS BANK,CR78 0762 3602 9225 3705 1,49316817.83
246,Wilona Mawhinney,wmawhinney6t@1und1.de,Magyar Cofidis Bank Zártkörűen Működő Részvénytársaság,BR91 0380 8913 5483 2774 0392 008Q B,47780994.38
247,Ivor Rowett,irowett6u@about.com,Sparkasse Lörrach-Rheinfelden,BG29 HKEA 3651 40J6 4DUQ UX,11696861.23
248,Ozzie Talbot,otalbot6v@simplemachines.org,"SANTANDER CONSUMER FINANCE, S.A.",LV73 IIZU WM4G XQU4 N8NX T,44407956.8
249,Burr Lester,blester6w@state.gov,Dornbirner Sparkasse Bank AG,BG57 EYSG 8790 06EO T6BZ OK,28339563.85
250,Frans Rochford,frochford6x@cmu.edu,BANCO BPM SOCIETA' PER AZIONI,FR16 3689 7202 31LL W92O YYPD K19,826392.85
251,Belia Combes,bcombes6y@i2i.jp,"National Bank of Greece, S.A.",AZ33 WCCS IALD OPVB QA1Z NFDH GAOE,14919618.84
252,Lyndy Hourihane,lhourihane6z@indiegogo.com,FIRST SAVINGS BANK,KZ34 770T PFKS 8BUP TDJA,32143843.42
253,Perl Goodsell,pgoodsell70@noaa.gov,BANCA DI CREDITO COOPERATIVO DI MOZZANICA - SOCIETA' COOPERATIVA,GL63 1891 2119 1880 84,18174359.24
254,Curr Mc Giffin,cmc71@last.fm,VALLEY NATIONAL BANK,IT06 H461 8248 558T LELY ITSA JSM,26359425.24
255,Irving Timmermann,itimmermann72@ca.gov,Cofidis,GR49 9998 933N WVC8 EID9 DRED ZKM,20930189.51
256,Jermaine Pariss,jpariss73@bizjournals.com,Qatar national bank,VG80 HQNZ 7210 6847 3389 9768,42081327.45
257,Darnell Kencott,dkencott74@jugem.jp,FIRST NATIONAL BANK,CR17 7595 4992 5515 2548 1,44815345.2
258,Kaela Leeming,kleeming75@unicef.org,CADENCE BANK,TN67 2119 6938 7817 1382 1163,6933240.37
259,Madelena Viggars,mviggars76@theguardian.com,Raiffeisenkasse Dobersberg-Waldkirchen eGen,PS65 NGIN JWYM ZPAT AGHU XYWK HTTL A,42666246.75
260,Weidar Cresswell,wcresswell77@hibu.com,FIRST FINANCIAL BANK,AZ79 EWFD J9VS QQ3G BWWL SWW1 YNLY,8981983.35
261,Mellisent Bills,mbills78@eventbrite.com,Raisin Bank AG,LV22 ZZFO 2LCI 6OKG XVP3 A,10147201.01
262,Carri Shoppee,cshoppee79@constantcontact.com,UniCredit Bank Austria AG,HR66 4391 0441 6364 6103 0,4151079.75
263,Frankie Larrosa,flarrosa7a@infoseek.co.jp,Sparkasse Lörrach-Rheinfelden,BH39 MFJS RHA6 X3PR IS8E PM,4102377.94
264,Gilbertine Hardware,ghardware7b@lycos.com,WELLS FARGO BANK,KZ44 238F C5H3 G7HM CQTK,27639619.37
265,Christin Kemmons,ckemmons7c@shareasale.com,Raiffeisenbank Altschweier eG,FI58 6431 4064 0873 47,29385258.15
266,Grant Grimster,ggrimster7d@foxnews.com,SIMMONS FIRST NATL BK,SK07 5752 0694 6600 6070 4577,1529766.84
267,Annmaria Kochl,akochl7e@kickstarter.com,UNIFY FINANCIAL FEDERAL CREDIT UNION,SM54 C901 8302 064L XIBY DEET Z9J,31595534.42
268,Torey Preddle,tpreddle7f@patch.com,FIRST FINANCIAL BANK,FR40 9216 0077 126T YG00 J9D5 283,22037133.19
269,Essie Mandrey,emandrey7g@seattletimes.com,BANK OF NORTH CAROLINA,BH48 SNPT UWPH UGIF CTDO ZY,8945322.11
270,Danika Penhearow,dpenhearow7h@thetimes.co.uk,PNC BANK,GI07 YOMJ MVZV KJHM NUFI 977,23089812.8
271,Dov Le Guin,dle7i@over-blog.com,UNION BANK & TRUST,MK68 7371 JN4H M15M Y41,23280534.66
272,Merrel Fossett,mfossett7j@unicef.org,INTERBANK,DK92 1070 0654 4716 83,13491802.55
273,Juliet Cotterill,jcotterill7k@myspace.com,Credit Europe Bank N.V.,BE04 3232 0852 4980,38560631.78
274,Locke Goggins,lgoggins7l@washingtonpost.com,WEBSTER BANK,RO50 XUKN GWNM QFUC 6WHY L2AB,39938504.42
275,Bartie Chace,bchace7m@jiathis.com,Caisse d'épargne et de prévoyance Bretagne-Pays de Loire,AL83 5070 8385 XQTV IXKK TVKS NQQ1,45209313.76
276,Ortensia Vischi,ovischi7n@ebay.co.uk,AMERIS BANK,FR85 1264 2518 828T DKFK HYXW 804,11281913.55
277,Orren Hacard,ohacard7o@a8.net,VR Bank zwischen den Meeren eG,FR76 4326 9710 702B 3YAR 16KP O26,35289481.87
278,Sib Mustard,smustard7p@mayoclinic.com,Health Services Staffs Credit Union Limited,FR23 2410 0006 25GZ H0KN KSWJ R82,30966842.45
279,Jillian Seson,jseson7q@qq.com,GREAT LAKES CREDIT UNION,CH57 6395 1794 O5NK LDEC W,42356861.54
280,Sarena Taylot,staylot7r@huffingtonpost.com,Volksbank Ober-Mörlen eG,TR36 6045 6PBI DZ7P XI9X 0LYX KD,34724998.08
281,Alexei Kenrat,akenrat7s@mail.ru,BANNER BANK,CZ85 7244 8936 0871 7051 5817,33737218.93
282,Salomo Crumbleholme,scrumbleholme7t@bizjournals.com,Raiffeisen-Volksbank Hermsdorfer Kreuz eG,LB12 4652 FH79 BTZS I3EP S8TL GUQP,15710547.87
283,Enoch Berth,eberth7u@mail.ru,WEBSTER BANK,FR91 0453 9931 27JW 0LL2 AGVQ Q38,16672463.88
284,Alika Jillings,ajillings7v@home.pl,VALLEY NATIONAL BANK,ES15 6951 6622 8305 1460 7620,23244937.12
285,Ebeneser Bjorkan,ebjorkan7w@google.com.au,FIRST BANK,FR77 4398 5927 742A CW8A BLYP X58,38329071.11
286,Innis Balint,ibalint7x@elegantthemes.com,PNC BANK,IL84 5857 8631 7449 5460 756,31817379.68
287,Beaufort Cuberley,bcuberley7y@cyberchimps.com,BANCO BPM SOCIETA' PER AZIONI,NO73 2014 6450 877,16015139.7
288,Krishnah Izon,kizon7z@blogspot.com,BANCO BPM SOCIETA' PER AZIONI,GT59 YHGH 5UBV 82VO DCCS LBCY ZNQ8,28533293.4
289,Riordan Gresham,rgresham80@biglobe.ne.jp,NBH BANK,CZ78 1131 1852 5946 2486 2790,19073002.07
290,Aloysia Legate,alegate81@squarespace.com,FIRST TENNESSEE BANK,BA43 3503 5639 8666 4819,21287258.13
291,Aryn Buglar,abuglar82@soundcloud.com,PEOPLES BANK,RS46 0549 8075 0611 4012 70,25800153.58
292,Meg Bremley,mbremley83@yale.edu,FIRST NATIONAL BANK,HR58 9803 8343 5213 2792 8,31124067.88
293,Antonie Lowthian,alowthian84@gov.uk,CITIZENS BANK,AL16 8335 8209 ICS1 9FKQ NL1V P2RC,40282573.23
294,Drusie Sproat,dsproat85@gnu.org,FIRST NATIONAL BANK,SI08 3410 3460 2745 024,14472117.83
295,Clerc Schlagtmans,cschlagtmans86@1688.com,Raiffeisenbank Stockerau eGen,MK36 448D RXI7 3AUC C89,13571309.2
296,Kristopher Laidler,klaidler87@spiegel.de,Caisse régionale de crédit agricole mutuel Charente-Périgord (Crédit agricole  Charente-Périgord),KW23 TLQD NKVH HT1T 7I6J WLYK VDYW NW,48543204.6
297,Ellen Regenhardt,eregenhardt88@bigcartel.com,BANCO BPM SOCIETA' PER AZIONI,MR24 4114 3758 9831 9625 9389 654,2834542.06
298,Magdalen Casotti,mcasotti89@delicious.com,BELFIUS BANK,HR86 5948 1939 5238 0498 2,5356226.84
299,Joycelin Skain,jskain8a@intel.com,UNION BANK & TRUST,CY39 5400 8982 JFEL YIWE 9J9F MD73,2176225.12
300,Clarissa Bignal,cbignal8b@hostgator.com,BANCO BPM SOCIETA' PER AZIONI,FR25 6618 0732 16CG KXZ5 9AV9 K83,14368419.19
301,Isabella Sillito,isillito8c@vistaprint.com,BANCO BPM SOCIETA' PER AZIONI,MK87 357Y V9RR MX11 A52,24554584.17
302,Holly-anne Ockenden,hockenden8d@foxnews.com,Volksbank Raiffeisenbank Dachau eG,LB78 7903 GIAT P8F4 P5A0 31OO AHYA,35559114.29
303,Dorthea Huzzay,dhuzzay8e@edublogs.org,CITIZENS BANK,FI19 6892 6937 8106 43,38002347.19
304,Clea Haygreen,chaygreen8f@kickstarter.com,FIFTH THIRD BANK,AD16 9519 6281 URWS QOTQ JXJI,23852591.61
305,Chad Keuning,ckeuning8g@gnu.org,Volksbank am Württemberg eG,BH58 RXQI ZQWP KVAC BDVF U6,35679387.39
306,Dallon Stenbridge,dstenbridge8h@scribd.com,CITIZENS BANK,MK53 7398 WKEM 9M9Y 040,24830217.21
307,Karilynn Figger,kfigger8i@yandex.ru,FIRST NATIONAL BANK,MK31 031Q RRGD PX2T X55,30530256.57
308,Durand Sandey,dsandey8j@typepad.com,Vereinigte Volksbank eG Saarlouis - Losheim am See - Sulzbach/Saar,HU53 4423 7628 7470 3615 1688 8258,20408056.39
309,Georgeanna Hubbold,ghubbold8k@cisco.com,FEDERAL RESERVE BANK,FR56 6146 5628 94DA 9DL3 GDON N59,18234659.3
310,Onfre Dank,odank8l@gravatar.com,WELLS FARGO BANK,AD97 1545 9887 BYU8 8BKD P4KW,30443281.64
311,Cassondra Tomankiewicz,ctomankiewicz8m@discovery.com,BANK OF INDIA,GE34 LK45 2639 3703 6978 07,49109359.99
312,Ivett Keepin,ikeepin8n@jimdo.com,Banking Circle S.A.,HR51 1342 0457 0849 5042 6,37521915.79
313,Faith Afonso,fafonso8o@shinystat.com,BANK OF AMERICA,MU48 GHRB 6526 2368 0709 6955 102K HI,6543090.71
314,Con Donisthorpe,cdonisthorpe8p@t.co,BANK OF AMERICA,LV83 TROI XEYP Y0TP XDLL T,20620644.22
315,Bethanne Mavin,bmavin8q@tiny.cc,FIRST FIDELITY BANK,HU73 6368 7504 5804 0227 1993 1216,8373877.35
316,Weber Meni,wmeni8r@usa.gov,M & T BANK,MT78 NNMR 2326 0OSK JNC0 TCMK XL3E GC7,10273839.02
317,Rivkah O'Grada,rograda8s@angelfire.com,GRENKE BANK AG,LB46 3387 8UWD VNMG 3ZBU XKQ9 ITWO,15285104.89
318,Bear Gunton,bgunton8t@stanford.edu,Sparkasse Emden,PL98 3370 3364 7289 4769 1527 7074,44187253.73
319,Stella Blennerhassett,sblennerhassett8u@simplemachines.org,PINNACLE BANK,GL82 6223 2910 7420 48,18925784.22
320,Norrie Bazire,nbazire8v@reverbnation.com,CA Auto Bank GmbH,GB91 AQBQ 6175 4935 0347 11,11231183.89
321,Major Amberger,mamberger8w@purevolume.com,BANK OF AMERICA,RO53 EZVW 6CB2 N0LG 5RO7 TCL2,22673255.82
322,Cherice Bossom,cbossom8x@yelp.com,SPAR NORD BANK A/S,FO98 8267 8515 4723 24,37259267.02
323,Matthus Benam,mbenam8y@homestead.com,Banca Comerciala Romana S.A.,SM15 E995 0246 186A FAFT 92VO 9RI,5928843.57
324,Alford McCane,amccane8z@amazon.co.uk,KELER Központi Értéktár Zártkörűen Működő Részvénytársaság,HU29 8590 4055 3319 9918 0883 1593,34438412.95
325,Cookie Bonder,cbonder90@yahoo.com,"Middle East Bank, Munich Branch",MD59 MN6A OLD8 X6CV ZW28 WHPU,7992074.51
326,Ceil Papes,cpapes91@ucla.edu,BANCO BPM SOCIETA' PER AZIONI,FR61 4341 8865 40G6 RAUZ LL5P E38,20643973.78
327,Jermayne Knivett,jknivett92@army.mil,Sparkasse Olpe-Drolshagen-Wenden,RO10 ZLHM HVTG 6CQU PSYR 491T,3584600.59
328,Rori Bannester,rbannester93@cisco.com,Raiffeisen Bank International AG,BH14 LOPA 4KMX FVXF LOVL IZ,47316850.99
329,Kinsley Kiefer,kkiefer94@furl.net,BUSEY BANK,FR20 7331 6159 4114 O3D3 UDCE H93,4441768.09
330,Lloyd Frays,lfrays95@people.com.cn,Svenska Handelsbanken AB,BH04 UARQ DWFQ MEOU ZISM N3,30661459.57
331,Mauricio Rattray,mrattray96@utexas.edu,BANCA NAZIONALE DEL LAVORO S.P.A. (IN FORMA CONTRATTA BNL S.P.A.),CY73 8606 2670 14QM XTEV 9I4L MFGS,37716846.19
332,Hamlen MacKilroe,hmackilroe97@patch.com,SOUTH STATE BANK,FR05 2717 3242 00UE EASL BVQC Y70,9208971.17
333,Benjamin Nornasell,bnornasell98@msn.com,COMMUNITY BANK,CZ88 8159 9598 1882 8454 7655,43514861.45
334,Roby Doidge,rdoidge99@wufoo.com,BANCA NAZIONALE DEL LAVORO S.P.A. (IN FORMA CONTRATTA BNL S.P.A.),FR27 8934 4921 61L0 EBKV XPLF G90,6743027.37
335,Clayborne Perone,cperone9a@intel.com,Sparkasse Landshut,HU73 7048 1115 0925 2295 4189 5993,42594536.38
336,Chester Chrispin,cchrispin9b@apple.com,HORIZON CREDIT UNION,LV25 ELNB NSQY 8LRG JMPM I,35557240.4
337,Alastair Ding,ading9c@dagondesign.com,Sparkasse Trier,VG02 QFFG 0866 1519 1385 4153,5353764.23
338,Madelaine Salvage,msalvage9d@ebay.co.uk,CITIZENS BANK,CZ91 7840 7468 3923 4977 3052,7352258.8
339,Pandora Tuminelli,ptuminelli9e@whitehouse.gov,"Open Bank, S.A.",HR21 6806 1220 4279 4603 2,30725089.39
340,Arlen Shayes,ashayes9f@bluehost.com,VR-Bank Erding eG,PT19 9115 4126 7113 4561 1278 7,31120575.37
341,Lanie Lyttle,llyttle9g@wiley.com,CAPITAL ONE,AZ22 QOYF JXQ1 Y8E5 HWEP WEQE H9VI,36583058.72
342,Creighton Hamblin,chamblin9h@mtv.com,Raiffeisenbank Heiligenkreuz-Kirchbach -St. Georgen eGen,MC58 8350 2764 19FV YW5L ITAO G33,13355737.28
343,Guthrie Shory,gshory9i@columbia.edu,FIRST FINANCIAL BANK,FR11 9782 2806 35ZE IFQG EPC8 604,21888414.75
344,Bastien Bartholomaus,bbartholomaus9j@constantcontact.com,Raiffeisenbank Frankenhardt-Stimpfach eG,IL40 9886 1157 1554 7818 347,29234080.39
345,Rakel Southers,rsouthers9k@hibu.com,FIRST STATE BANK,TN61 1853 4592 4429 7884 2161,16563917.61
346,Tyne Clausius,tclausius9l@baidu.com,Raiffeisenbank Böllingertal eG,CY59 5524 2626 DPKY RSEP J4QC 7E1Z,34492968.97
347,Chester Merryman,cmerryman9m@wufoo.com,FIRST NATIONAL BANK OF OMAHA,LI29 4314 1QBT 5YGV 3CT1 T,24143170.94
348,Carr Williamson,cwilliamson9n@sun.com,PEOPLES BANK,LB85 4377 WDBF O6QG K8I0 UC7F SH9N,892884.63
349,Cherri Ineson,cineson9o@walmart.com,BANCA NAZIONALE DEL LAVORO S.P.A. (IN FORMA CONTRATTA BNL S.P.A.),TR28 4866 0RQD 7AWX FJV3 YSZS DW,35644606.24
350,Wilton Greystock,wgreystock9p@usgs.gov,Volksbank Versmold e.G.,LT38 4433 2084 5254 9810,29069564.7
351,Phil Latty,platty9q@mapy.cz,Sparkasse Neuhofen Bank Aktiengesellschaft,GI37 RMLJ ZT11 LW8V EUKS O19,43580514.8
352,Frazer Canniffe,fcanniffe9r@purevolume.com,PNC BANK,BE15 3079 1382 9980,6696328.65
353,Sammie Snaith,ssnaith9s@illinois.edu,Säästöpankkien Keskuspankki Suomi Oyj,LB20 4051 NEC3 TM31 TAOM KJPA CUF6,14651965.69
354,Jaquith Samber,jsamber9t@shinystat.com,BANK OF AMERICA,SA47 52I3 A0YT YNTS RBLL B49P,40199794.35
355,Leslie Marston,lmarston9u@time.com,TRUSTMARK NATIONAL BANK,NO97 7115 5997 488,19106555.05
356,Celina MacMaster,cmacmaster9v@163.com,FIRST STATE BANK,LB83 2669 EO1M VXYD RFIY COY9 GZ2H,40243852.52
357,Casi Leman,cleman9w@people.com.cn,BANK OF THE OZARKS,GB56 HQNB 3616 0037 9986 78,49565316.35
358,Axe Blasgen,ablasgen9x@flickr.com,CITIZENS NATIONAL BANK,MR30 5092 5957 9995 1801 0191 049,9343326.23
359,Phil Faas,pfaas9y@mtv.com,Standard Chartered Bank AG,MT17 ZJYU 4597 2AYS DDCR 9JTS NAIU ZAI,25569578.58
360,Kiley Petters,kpetters9z@technorati.com,FIRST STATE BANK,BE52 3988 2202 3092,8961938.5
361,Orlan Rheubottom,orheubottoma0@sciencedaily.com,JPMORGAN CHASE,HU91 4981 8006 7367 1715 9350 0904,33784757.46
362,Meagan Thirlaway,mthirlawaya1@cdc.gov,Caisse de crédit municipal de Nîmes,FR52 9248 5892 09OQ ZJT1 SIIW A97,38186775.54
363,Enrichetta Farquharson,efarquharsona2@soup.io,CASSA RURALE  VAL DI FIEMME - BANCA DI CREDITO COOPERATIVO - SOCIETA' COOPERATIVA,GE17 IA38 3398 9946 7717 18,43385535.83
364,Woodrow Ingman,wingmana3@forbes.com,BANK OF AMERICA,AT63 7567 7913 4927 2641,28511421.2
365,Obadiah Beachem,obeachema4@liveinternet.ru,Cofidis,FR62 8978 2895 80JA OMW2 T59T 526,38716437.34
366,Chick Durn,cdurna5@dyndns.org,Banque populaire Rives de Paris,FR69 0289 9930 82JH KZ1O GCEL C49,4229569.2
367,Car Wackett,cwacketta6@surveymonkey.com,CENTRAL BANK,SE57 6242 7259 0828 5666 1303,18964446.37
368,Max Vell,mvella7@bbb.org,BANCO BPM SOCIETA' PER AZIONI,RS36 2556 4951 2638 9469 08,10141057.68
369,Elianora Ronald,eronalda8@unicef.org,HSBC BANK,FI44 5236 3013 8405 33,11229112.0
370,Isa Eam,ieama9@mail.ru,PNC BANK,CR46 9292 5607 6025 1107 0,28979895.41
371,Eolanda MacDuff,emacduffaa@comcast.net,BANCO BPM SOCIETA' PER AZIONI,AE86 2128 8789 0656 5950 707,12371754.79
372,Lambert Axel,laxelab@cdc.gov,BYLINE BANK,IE31 UNZR 6422 6236 1045 54,29063574.18
373,Jarrett Lansley,jlansleyac@mozilla.org,"Banco Europeo de Finanzas, S.A.",BH05 DKHN KBQI V0WK VRJY CE,42181550.75
374,Katerina Rochell,krochellad@loc.gov,BANK OF AMERICA,FR14 7387 0587 317R CMJU YZYP B55,48162078.4
375,Alexei Morican,amoricanae@ocn.ne.jp,COMMUNITY FIRST BANK,VG26 AQSM 9426 5322 3980 9273,44952451.99
376,Yance Cowsby,ycowsbyaf@indiatimes.com,FIRST NATIONAL BANK,PK68 AKSF MPP5 GRWR XEXW JYDV,31664911.63
377,Saunder Chipman,schipmanag@ucoz.ru,M & T BANK,HU19 9975 3549 7800 4192 5000 1659,12520397.26
378,Shea Willcox,swillcoxah@multiply.com,US BANK,AE36 5631 7682 3742 6070 632,46468081.31
379,Merrili Holgan,mholganai@alexa.com,PENSAM BANK A/S,IT89 S577 7029 286I YIFI JKPK WOS,27565194.09
380,Sergent Lydford,slydfordaj@ovh.net,FIRST TENNESSEE BANK,TN16 8846 1014 7606 6681 8814,15915570.0
381,Sinclare Bolzen,sbolzenak@multiply.com,VR Bank Metropolregion Nürnberg eG,BR93 7716 2165 8493 4412 2690 368Z G,33145797.24
382,Avictor Lambarth,alambarthal@springer.com,MUFG UNION BANK,FR28 3796 0928 36R1 O5E2 69FO R46,4942108.49
383,Dillie Ludron,dludronam@tuttocitta.it,BANK OF AMERICA,MK67 625K VD0K VXIP 976,43189706.16
384,Eveleen Billion,ebillionan@arizona.edu,"Arquia Bank, S.A.",IS87 6779 5026 9876 8861 2735 35,16331092.35
385,Johny Haffner,jhaffnerao@theatlantic.com,FIRSTBANK,CZ31 6995 2884 2086 7360 9067,38853447.77
386,Tito MacSwayde,tmacswaydeap@toplist.cz,CAPITAL BANK,IE08 ZSJH 5478 6128 4933 82,12858325.11
387,Margret McLeoid,mmcleoidaq@multiply.com,INTERBANK,EE12 9219 2048 2082 2945,21560856.95
388,Bryce Santer,bsanterar@netvibes.com,Volksbank Kempen-Grefrath eG,FR39 0849 6842 08NY NBJN JODY 093,6350985.63
389,Yolanda Beardwood,ybeardwoodas@utexas.edu,"Caixa - Banco de Investimento, S.A.",BR32 2418 3008 1817 6122 7273 754M D,18307575.36
390,Homer Christene,hchristeneat@jugem.jp,CAPITAL ONE,IT42 X782 6296 524Y M6AF VXNN RX8,13411324.88
391,Charil Gever,cgeverau@berkeley.edu,FIRST BANK,MU45 COHN 3369 6198 5299 4200 223C GR,40830362.3
392,Jess Elt,jeltav@i2i.jp,Investitionsbank des Landes Brandenburg,FR90 2609 3493 93AU 4CGL 01E3 G54,44158086.88
393,Laurence Travis,ltravisaw@clickbank.net,FIFTH THIRD BANK,TR96 1466 3DVP ZJTL DSQR CUSA 8L,30001238.66
394,Marlo Aslet,masletax@unesco.org,FARMERS & MERCHANTS BANK,MR16 9164 8228 7342 4178 4298 878,35623260.88
395,Frederich Yeell,fyeellay@bbb.org,BNP Paribas,GB05 MOAS 2771 5668 4436 46,43340475.04
396,Riva Roomes,rroomesaz@cbslocal.com,PNC BANK,EE35 5159 6182 7418 0551,3430126.65
397,Viviyan Baskerville,vbaskervilleb0@livejournal.com,BANCO BPM SOCIETA' PER AZIONI,FR96 3973 1342 05NV HQTH IFH8 K64,44978085.32
398,Cilka Mordaunt,cmordauntb1@nhs.uk,FIFTH THIRD BANK,FR50 5762 2220 96ZO GK4C KMZL R98,5607212.48
399,Leticia Duquesnay,lduquesnayb2@godaddy.com,Izola Bank plc,SI28 6304 1758 1742 300,3790553.2
400,Almira Jiggens,ajiggensb3@nymag.com,CITY NATIONAL BANK,LB39 8437 QLZJ QCAJ G34A NDYI PY1B,27440455.2
401,Verile Arangy,varangyb4@taobao.com,MKB Mittelstandskreditbank Aktiengesellschaft,AZ87 ZEDV 1HNM J0ZU R9WB IK4Y 0Y7X,936905.2
402,Karlie Swinley,kswinleyb5@deviantart.com,Volksbank Überherrn e.G.,MT56 GJLE 7602 7SXJ ESHR TDCI 5NC4 TY0,17097841.21
403,Torry Beirne,tbeirneb6@go.com,UNITED BANK,FR47 3246 7007 81KI LROU B5SO 854,14494315.19
404,Meta Coffee,mcoffeeb7@apple.com,CAMDEN NATIONAL BANK,ME02 5775 7877 6650 8735 56,15718988.66
405,Rab Sink,rsinkb8@huffingtonpost.com,FIRST BANK,FR98 0870 5911 81KE FXFN MKMV U48,20236955.34
406,Lara Harbour,lharbourb9@scribd.com,FIRST STATE BANK,FR06 5762 5971 37OJ S5PG ICGT U95,1516099.59
407,Goldarina Ivashchenko,givashchenkoba@plala.or.jp,Triodos Bank N.V.,FO18 0924 2207 1904 45,25100432.37
408,Lorilee Burvill,lburvillbb@examiner.com,US BANK,CY93 2638 0774 ORRD R63I 7RR1 IWPN,43990054.26
409,Minni Heinke,mheinkebc@sun.com,CRÉDIT MOBILIER DE MONACO,KW55 ARLA BQPW 6ID1 VKRJ V5PB FHPI MY,2140749.9
410,Roddie Heather,rheatherbd@printfriendly.com,CENTENNIAL BANK,PT02 6143 3306 1953 2950 3477 2,8717062.48
411,Amalie Deehan,adeehanbe@auda.org.au,BANK OF AMERICA,GI17 DLJA JITC SFKC 58AJ UDU,35482146.39
412,Binnie Riggert,briggertbf@myspace.com,FIRST SECURITY BANK,FR50 0485 8817 84F3 MJDQ ZTCA 494,20158696.98
413,Myca Vlasenkov,mvlasenkovbg@elegantthemes.com,FIRST SECURITY BANK,AT12 5253 4483 9944 5064,2226855.22
414,Nerita Alway,nalwaybh@blogs.com,Malahide and District Credit Union Limited,BG04 MELJ 0412 61AE IKY3 IG,46470430.57
415,Chariot Scneider,cscneiderbi@cnet.com,BANCO BPM SOCIETA' PER AZIONI,FI96 8182 9424 9692 19,45538827.93
416,Zechariah Duny,zdunybj@theguardian.com,BANCA LAZIO NORD CREDITO COOPERATIVO - SOCIETA' COOPERATIVA PER AZIONI,BR54 2464 6515 1294 3527 6042 315W H,18956662.25
417,Stanislaw Gerber,sgerberbk@shinystat.com,BEAR STATE BANK,LI73 8196 4DCP XAAD 3RZU Q,1141600.06
418,Derrik Rapi,drapibl@home.pl,Raiffeisenbank Region Schallaburg eGen,MR80 4222 5351 1344 3062 7745 143,38574674.49
419,Lisabeth Tolliday,ltollidaybm@hao123.com,Athenry Credit Union Limited,FR81 0507 3524 87IP IFAY I5AR S68,2416587.07
420,Anderson Bauchop,abauchopbn@skype.com,COMMUNITY BANK,FR20 2298 4190 33TN JQQE HWOR N61,39884070.57
421,Cherri Van der Brug,cvanbo@noaa.gov,FIRST NATIONAL BANK,MK73 965H XVWF SZVK J49,20899588.97
422,Tildi Macallam,tmacallambp@dmoz.org,KEY BANK,CY47 8009 1396 4Z3Z AVGE GLXN VHSF,63456.71
423,Glendon Kunrad,gkunradbq@epa.gov,WELLS FARGO BANK,EE72 0830 2154 1433 4283,15142691.73
424,Craggy Layzell,clayzellbr@fastcompany.com,COMMERCE BANK,FR48 2991 7618 145T MKWP YQOI 073,45802083.02
425,Joline Crepel,jcrepelbs@scribd.com,FIDELITY BANK,MR41 5046 3302 3126 3745 4561 254,38529077.05
426,Bobbie Dederich,bdederichbt@ft.com,CHIANTIBANCA - CREDITO COOPERATIVO S.C.,FI94 4487 2752 9277 10,13645185.54
427,Jacinda Hayley,jhayleybu@mlb.com,BMO HARRIS BANK,LI17 7660 0IEI SZCW 2AL4 I,22035481.17
428,Agatha Bohan,abohanbv@upenn.edu,BANCO POPULAR,FR94 5094 7914 35DM LQMK SKTJ F29,20154919.85
429,Alyssa Kernell,akernellbw@buzzfeed.com,PEOPLES BANK,CZ28 0053 7441 0253 3899 2521,11641574.64
430,Ilise Waddilove,iwaddilovebx@state.gov,FIFTH THIRD BANK,LU50 4188 ZWMK DXEK TCMG,24239945.9
431,Fons Junifer,fjuniferby@newsvine.com,Bank Spółdzielczy w Wąsewie,DE98 5868 7683 5551 2296 03,45261590.65
432,Querida Aldine,qaldinebz@trellian.com,"CENTROMARCA BANCA - CREDITO COOPERATIVO DI TREVISO E VENEZIA, SOCIETA' COOPERATIVA PER AZIONI",MD20 UHGW HUID XEU8 AS5W 3EYL,41314111.46
433,Aldwin Ewestace,aewestacec0@hao123.com,FIRST NATIONAL BANK,GI87 DRUO 9RBC WA5U UCZP TKH,31612703.25
434,Steffie Guyer,sguyerc1@tripod.com,BANK OF AMERICA,GL67 7102 5126 9149 92,28654327.86
435,Von McGrouther,vmcgroutherc2@lycos.com,FIRST TENNESSEE BANK,SK58 2942 2712 7829 5031 5599,16260549.17
436,Carilyn Lethieulier,clethieulierc3@dropbox.com,JPMORGAN CHASE,FR07 4129 8881 66UX DJXR 1OSO W33,36075248.42
437,Margit Quittonden,mquittondenc4@fotki.com,COMMUNITY BANK,BE81 6406 7294 8137,39209895.32
438,Jeremy Unthank,junthankc5@cbslocal.com,Bank Spółdzielczy w Sokołach,AD35 7012 1450 ASMA U3N7 BS54,49251997.04
439,Ansell Stanning,astanningc6@google.es,UNITED BANK,GI29 ASIC BRFS GHZK QKRJ ILL,19701872.03
440,Melisandra Gillicuddy,mgillicuddyc7@umn.edu,WESBANCO BANK INC,NO89 8843 3717 463,12893416.14
441,Leta Headley,lheadleyc8@hhs.gov,BANCO BPM SOCIETA' PER AZIONI,EE03 9368 1018 8536 7227,13792209.35
442,Kort Scurlock,kscurlockc9@merriam-webster.com,BANNER BANK,FR75 2580 4746 17RJ B8G0 UJ6O S84,40743363.49
443,Ruthi Farndell,rfarndellca@nytimes.com,CREDIT UNION OF SOUTHERN CALIFORNIA,IE51 QUZS 1597 1053 1260 29,19583952.89
444,Roderich Nehls,rnehlscb@sciencedirect.com,FIRST STATE BANK,BE95 3618 9510 5316,7629175.72
445,Margi Doerren,mdoerrencc@time.com,Volksbank Bremen-Nord eG,ES82 4105 6966 2333 1061 6290,23193485.25
446,Melva Laval,mlavalcd@usatoday.com,FIRST STATE BANK,IL61 5082 4535 8018 5744 202,17775967.79
447,Fleur Idill,fidillce@umn.edu,Raiffeisenbank Korneuburg eGen,DK76 1854 7638 1734 01,18798599.07
448,Halsy Lacroix,hlacroixcf@paypal.com,MUFG UNION BANK,GI89 DIIU VDN6 QM9Q FCL9 DLR,28051242.59
449,Tymon Chalice,tchalicecg@soundcloud.com,BANCO BPM SOCIETA' PER AZIONI,PT11 1572 1100 4569 8620 5052 4,37453101.8
450,Charmane Meir,cmeirch@wordpress.org,FIFTH THIRD BANK,DE87 2228 1387 4314 0391 61,12824927.62
451,Rosabel Gonthier,rgonthierci@jugem.jp,KEYBANK,DK11 5642 8034 8861 87,15434487.72
452,Rianon Jovis,rjoviscj@360.cn,Raiffeisenbank Region St. Pölten eGen,MR02 1948 2818 3670 9787 4380 518,22956357.97
453,Evanne Barhems,ebarhemsck@slashdot.org,St. Ailbes Credit Union Limited,AZ28 JVRD DF78 QOS8 K5WW JITF LAWZ,17332721.68
454,Bethina Wasling,bwaslingcl@angelfire.com,THE PEOPLES BANK,ES05 4395 5999 3166 3867 7108,33865748.12
455,Emmalynn Giacobazzi,egiacobazzicm@gizmodo.com,BANCO BPM SOCIETA' PER AZIONI,LT55 6726 7504 6848 2051,35442432.32
456,Dorene Spring,dspringcn@yellowpages.com,Raiffeisenbank Region Neufelden eGen,ME57 1911 5919 5863 7837 54,41812130.63
457,Vernor Frankis,vfrankisco@japanpost.jp,BANCO BPM SOCIETA' PER AZIONI,LB06 3824 AJOX N3HE IKPX J3TL MZSC,26446945.0
458,Natka Goodred,ngoodredcp@amazon.de,SIMMONS FIRST NATL BK,FI39 4399 5060 4749 36,14767870.69
459,Josselyn Checo,jchecocq@state.tx.us,Raiffeisenbank Brixen im Thale eGen,AZ36 FOFW TVOL TK9R E5HB ENST NJAD,41444114.47
460,Siouxie Clausen-Thue,sclausenthuecr@geocities.com,Raiffeisenbank Korneuburg eGen,HU41 5787 3691 0138 2570 4834 5276,40092794.63
461,Erny Dermott,edermottcs@patch.com,Die Sparkasse Bremen AG,NO23 2546 7348 268,1055708.99
462,Sayre Learned,slearnedct@soundcloud.com,KEY BANK,SI25 6219 3105 4211 489,25414140.71
463,Windham Cadany,wcadanycu@goo.gl,COMPASS BANK,PT88 7384 4976 2423 3292 0892 8,6736404.99
464,Irvine Mowson,imowsoncv@zdnet.com,Natixis TradEx Solutions,PT24 3800 1916 1065 3841 0812 6,31807627.97
465,Ignaz Vlasin,ivlasincw@dailymotion.com,J.P. Morgan SE,FR95 4061 7133 52IS QTZQ EP74 O19,1603275.71
466,Kelbee Rochell,krochellcx@yellowbook.com,"National Bank of Greece, S.A.",FR46 4413 1418 57NK QVKG UYAU 169,29200203.09
467,Hyacinth Hoyle,hhoylecy@vimeo.com,BANCO BPM SOCIETA' PER AZIONI,MU95 CASS 9767 6638 9176 2695 868O LW,49059559.78
468,Bertrand Strooband,bstroobandcz@archive.org,Community Credit Union Limited,BG84 OQLX 5706 60HT LSSG SD,38143475.83
469,Ruby Ehlerding,rehlerdingd0@yellowbook.com,PNC BANK INC. - BALTIMORE,FR06 0908 4953 693B 8S5H 4K3K V40,33065917.3
470,Lane Schimoni,lschimonid1@google.com,FIRST NATIONAL BANK,FR70 6389 0234 01YY QL4Q 01RN O03,31032422.73
471,Jacky Cisar,jcisard2@taobao.com,CORNERSTONE BANK,PS85 QICJ 2GWT BONQ XLFK HLY0 75KG 2,16204129.64
472,Karl Linning,klinningd3@domainmarket.com,FIRST NATIONAL BANK,SI24 9232 2043 3466 137,12799971.58
473,Lynn Kitchen,lkitchend4@auda.org.au,Liechtensteinische Landesbank (Österreich) AG,FR78 9235 2125 84TP 8VD6 MLI9 570,42760815.74
474,Tiffi Rohmer,trohmerd5@wiley.com,Raiffeisenbank Holzkirchen-Otterfing eG,FR24 8639 3927 80I5 MYFQ TYAU L52,45572058.09
475,Perkin Glazier,pglazierd6@omniture.com,JPMORGAN CHASE,IE91 NOKF 4810 0981 0919 83,23922407.67
476,Kitty Dumberrill,kdumberrilld7@theguardian.com,FIFTH THIRD BANK,FR31 8864 2449 03HZ G4V1 RFTK P37,14580334.3
477,Lark Desforges,ldesforgesd8@cmu.edu,"Banco Bilbao Vizcaya Argentaria, S.A.",KW09 EFWU XUQC SWVK ORQE JRS3 SQP2 TA,11645533.68
478,Van Spittles,vspittlesd9@samsung.com,Polgári Bank Zártkörűen Működő Részvénytársaság,PT20 2369 4944 7018 6365 7598 9,37339767.95
479,Carmelina Doge,cdogeda@w3.org,NBH BANK,GB65 KVBI 3356 9343 0848 74,1341199.55
480,Elvira Eginton,eegintondb@opera.com,CAPITAL CITY BANK,GB17 DHKF 6321 3575 6836 21,36276795.39
481,Hally Joselevitz,hjoselevitzdc@ebay.com,FIRST FINANCIAL BANK,FR92 6038 5940 13NR QO5W TY2W P53,46747954.44
482,Kellsie Markovich,kmarkovichdd@hc360.com,SECURITY STATE BANK,GE10 GN53 3405 0704 0423 37,15717918.01
483,Libbi Do Rosario,ldode@army.mil,BANCO BPM SOCIETA' PER AZIONI,CY61 6285 0254 W5VX GKIR IR79 SJQH,33273302.43
484,Dodi Maudling,dmaudlingdf@army.mil,FIFTH THIRD BANK,RO80 JLPE 8BUP BDHG VVWA DTJJ,25907592.25
485,Janek Real,jrealdg@umn.edu,PNC BANK,HU31 0636 9792 3052 6212 2061 1759,18815107.47
486,Hannis Birt,hbirtdh@t-online.de,FIRST NATIONAL BANK OF OMAHA,BE48 5452 3157 1600,18507774.65
487,Em Surgener,esurgenerdi@t.co,BANCA CAMBIANO 1884 S.P.A.,DK37 5967 1038 9654 69,3285652.02
488,Byrom Fyldes,bfyldesdj@uiuc.edu,UniCredit Bank Hungary Zártkörûen Mûködõ Rt.,BE33 7232 0117 6494,2830517.14
489,Casey Batecok,cbatecokdk@pbs.org,Banque SBA,FR66 3235 6128 14US DAZY QMAJ G47,2076530.39
490,Jareb Upjohn,jupjohndl@google.co.jp,BNP Paribas,KZ05 887B GIO9 1NHI ZMKL,21214621.46
491,Robbin Tuftin,rtuftindm@state.tx.us,CASSA CENTRALE RAIFFEISEN DELL'ALTO ADIGE - RAIFFEISEN-LANDESBANK SUEDTIROL A.G.,CH75 2756 0VSJ BDYA 1EDH Y,36556770.01
492,Janeva Gairdner,jgairdnerdn@de.vu,Ostfriesische Volksbank eG,FI31 4332 5373 3560 34,15063090.78
493,Dillie Trattles,dtrattlesdo@quantcast.com,Sparkasse Altötting-Mühldorf,SE10 0672 6659 4981 6459 6120,38252278.44
494,Dimitri Cridge,dcridgedp@t-online.de,BANCO BPM SOCIETA' PER AZIONI,MT96 LHXQ 4529 37GM 9YCI OOTS SSEN XGV,6945110.82
495,Chrisse Hover,choverdq@bigcartel.com,SECURITY STATE BANK,FR87 8104 2685 1779 ZTOJ UAVW B27,36479253.1
496,Babbette Abbay,babbaydr@goodreads.com,FIRST STATE BANK,MK35 168O LTU9 0PBC B75,48940924.02
497,Yanaton Hanner,yhannerds@wordpress.org,BANCO BPM SOCIETA' PER AZIONI,DK29 5457 7145 9040 90,39214253.77
498,Tabby Woodroof,twoodroofdt@imgur.com,Cicobail,RO35 OANN OAAI W5KC M6CW BLA5,15714014.19
499,Gil Kaszper,gkaszperdu@mail.ru,BANNER BANK,ES65 8914 0532 4585 9719 9394,40211936.86
500,Austine Gadman,agadmandv@e-recht24.de,PENTAGON FEDERAL CREDIT UNION,DE44 8970 3426 1940 7514 32,18671252.22
501,Justinian Ivett,jivettdw@nsw.gov.au,Raiffeisenbank Sölden eGen,BG34 ZYQB 8168 50QI VZMC XT,35458402.93
502,Carilyn Silley,csilleydx@elegantthemes.com,PARK NATIONAL BANK,KW51 EJDL XL56 7I56 1EVY NWV0 IEZV CL,3717387.15
503,Yoko Loynes,yloynesdy@cam.ac.uk,IC Financial services,FR39 4389 2968 32GC JPTE OZYK L59,4220162.76
504,Kipp Brockie,kbrockiedz@walmart.com,"Ibercaja Banco, S.A.",IE14 TVAG 8701 4500 7459 69,16974224.96
505,Hoyt Quaife,hquaifee0@hexun.com,BANCA DI RIPATRANSONE E DEL FERMANO - CREDITO COOPERATIVO - SOCIETA' COOPERATIVA,DK21 8592 7574 7971 39,22591946.12
506,Ludovika Caskie,lcaskiee1@cafepress.com,Raiffeisenbank Ohlsdorf eGen,PL82 0096 2641 9770 5020 6703 3031,22137877.48
507,Devan Montford,dmontforde2@twitpic.com,St. Declan's Ashbourne Credit Union Limited,DK52 6433 5450 7569 90,28832523.07
508,Graig Bennington,gbenningtone3@sbwire.com,BANCO FIORENTINO - MUGELLO IMPRUNETA SIGNA - CREDITO COOPERATIVO - SOCIETA' COOPERATIVA,FR61 8726 8116 54XX Y2L6 WGW2 E85,11179693.94
509,Rycca Newrick,rnewricke4@ocn.ne.jp,SOUTH STATE BANK,MD05 2XO6 GJOW BLXW F5KD MWBX,15663679.1
510,Mel Derdes,mderdese5@merriam-webster.com,"BANCO COMERCIAL PORTUGUÊS, SA",PK22 MMYF 96OQ 86QE V8EA 4IEK,47366555.5
511,Gannie Willshear,gwillsheare6@cbsnews.com,BANCA NAZIONALE DEL LAVORO S.P.A. (IN FORMA CONTRATTA BNL S.P.A.),PL93 2220 7394 0025 6520 6681 5567,47469313.8
512,Judith Coltman,jcoltmane7@vkontakte.ru,FARMERS & MERCHANTS BANK,BR21 2907 8008 0940 0160 2032 001H 1,17081165.62
513,Cecile Hopkynson,chopkynsone8@tripadvisor.com,FIRST BANK,AZ84 ELEW KCZ8 56XO LJRU LSNJ ZO5T,29977076.7
514,Peadar Aksell,pakselle9@vinaora.com,WELLS FARGO BANK,CY37 8987 9899 NCNA TZRH 25GG TWTB,3885346.34
515,Melisenda Livzey,mlivzeyea@mail.ru,COMMUNITY BANK,FR17 0019 7840 970R ZFK8 N9JG K98,17026034.99
516,Georgie Becke,gbeckeeb@surveymonkey.com,"Banco Bilbao Vizcaya Argentaria, S.A.",VG36 EYHF 4552 4326 2467 3659,35221998.1
517,Kaela Beers,kbeersec@vinaora.com,BANK OF AMERICA,SE51 9449 6081 0543 0188 4577,25801647.06
518,De Dandison,ddandisoned@deliciousdays.com,Raiffeisenbank Korneuburg eGen,ES35 9216 7031 0820 7955 8635,25308076.22
519,Davidson Armfirld,darmfirldee@shop-pro.jp,Raiffeisenbank Geislingen-Rosenfeld eG,GE13 MU88 7034 5462 1272 84,37402185.3
520,Leah Standring,lstandringef@google.it,BANCO BPM SOCIETA' PER AZIONI,BG83 IZJK 6636 44ET ECPS TO,25822958.79
521,Faith Bilofsky,fbilofskyeg@sphinn.com,Sparkasse Dieburg - Zweckverbandssparkasse -,MT68 OLKD 2362 8OZC G8FM KD9A UDJQ HEY,49766606.5
522,Riannon MacKeeg,rmackeegeh@umn.edu,CASSA RAIFFEISEN VAL BADIA SOCIETA' COOPERATIVA - GENOSSENSCHAFT,MU47 RGSQ 8168 4629 1227 7847 878G BB,23438171.25
523,Gearard Barcke,gbarckeei@dmoz.org,GLACIER BANK,LI08 8095 13N1 TE3M U0NQ H,36300384.16
524,Roby Ech,rechej@nasa.gov,Caisse de crédit municipal de Boulogne-sur-Mer,ES93 5678 9646 5643 8202 3526,31315622.31
525,Gavan Dibling,gdiblingek@gmpg.org,PROSPERITY BANK,IE88 ELWY 5346 4581 6116 32,1366866.43
526,Sherie Stickens,sstickensel@illinois.edu,CITIZENS STATE BANK,GL27 7929 9313 2672 46,21091559.28
527,Devlen Ferryman,dferrymanem@narod.ru,Ayvens Bank N.V.,AZ41 GQPH DQR7 LRDP DWS6 SB72 NOVU,2691080.53
528,Malia Choules,mchoulesen@aboutads.info,BANCO BPM SOCIETA' PER AZIONI,DO83 FF7Z 0382 2860 3428 2319 3183,34179256.49
529,Melony Potapczuk,mpotapczukeo@bloomberg.com,FIRST BANK,RS86 1799 7627 7979 3923 47,18292587.89
530,Devina Imos,dimosep@360.cn,BNP Paribas,FR77 3769 4996 92YI FY0Y OLJA Z87,1129209.5
531,Cathrin Kanter,ckantereq@phpbb.com,DHB Bank N.V.,SI37 1432 2233 5662 584,18611563.55
532,Joanie Killbey,jkillbeyer@utexas.edu,Enfield Credit Union Limited,LB57 6401 WKZ4 E2TT QED8 HRE6 UXNW,18911945.53
533,Antonino Samart,asamartes@statcounter.com,JPMORGAN CHASE,GI15 FYQF SIRX SHOC DEJ3 UNP,7403576.66
534,Foss Dyne,fdyneet@chronoengine.com,St. Ailbes Credit Union Limited,LT31 3739 1787 7980 4486,6137487.09
535,Maddie Lammertz,mlammertzeu@ucoz.ru,Air Bank a.s.,CY49 5916 3795 OBGQ B3RS LU7V 3WMP,15809147.53
536,Mace Elwill,melwillev@dmoz.org,CITIBANK WEST,NL10 GSMO 3211 8134 86,46925749.26
537,Grenville Buckham,gbuckhamew@shinystat.com,Union financière de France banque,GE28 DV75 1292 9199 6368 58,10362140.26
538,Stanford Frenzl,sfrenzlex@google.com.hk,BERKSHIRE BANK,GL28 1752 8221 6381 85,36907935.63
539,Glennie Murdie,gmurdieey@scribd.com,Hypo Vorarlberg Bank AG,GL81 2482 2241 8193 75,36228936.73
540,Moses Pagen,mpagenez@instagram.com,CASSA RAIFFEISEN BASSA VALL'ISARCO SOCIETA' COOPERATIVA (IN TEDESCO RAIFFEISENKASSE UNTEREISACKTAL GENOSSENSCHAFT),MC86 7135 7137 491D UVIQ HJUE E62,31691048.99
541,Mavis Lates,mlatesf0@craigslist.org,CITIZENS BANK,IT69 J459 9851 176Z 5ON6 BJOP BDZ,27655247.55
542,Gannie Canty,gcantyf1@google.co.jp,SOUTH STATE BANK,AT05 2021 1745 1228 7426,32540408.88
543,Aleksandr Dargan,adarganf2@ca.gov,PACIFIC WESTERN BANK,FR49 1948 0271 84BB JCMC UOEQ A20,6828593.38
544,Eugenie Kyle,ekylef3@github.com,Kreis- und Stadtsparkasse Wasserburg am Inn,NO42 3638 6647 335,45178184.07
545,Elle Martusewicz,emartusewiczf4@soundcloud.com,NBK France SA,IE51 OUDU 7097 5245 0817 27,34156631.27
546,Jessa Mottram,jmottramf5@aboutads.info,FIRSTBANK,MU51 SPWH 1187 8274 0308 4763 370C GW,28983178.03
547,Danny Spore,dsporef6@ucsd.edu,Resurs Bank Aktiebolag,CY67 9498 5606 MWBA MH3I XUSL HXWI,21997491.5
548,Nicholle Joanic,njoanicf7@gmpg.org,BANCA NAZIONALE DEL LAVORO S.P.A. (IN FORMA CONTRATTA BNL S.P.A.),CH13 6776 9ZSO HJND ZJNU J,49189299.96
549,Allan Walworche,awalworchef8@4shared.com,BMO HARRIS BANK,PT26 2990 3142 1416 0769 5474 8,21012851.82
550,Gratia Gaukrodge,ggaukrodgef9@arstechnica.com,Raiffeisenbank Neusiedlersee-Hügelland eGen,LT58 3160 8882 2140 3963,20263583.92
551,Maddy Ourtic,mourticfa@microsoft.com,Western Union International Bank GmbH,MR56 0760 9059 8989 8671 5403 489,27279319.03
552,Ursulina Saxton,usaxtonfb@altervista.org,Kreissparkasse Vulkaneifel,VG98 KGDV 7672 0791 4650 8805,23628059.35
553,Pryce Gamon,pgamonfc@uiuc.edu,BANCORPSOUTH,MC04 9761 8842 74VA HN9G RJLO L68,21692314.53
554,Erin Bulfield,ebulfieldfd@ft.com,LBS Landesbausparkasse NordWest,PK18 JDOG 3YG7 MLW0 W6LE ERRJ,17483427.69
555,Reginauld Enga,rengafe@sphinn.com,PNC BANK,KZ62 262K ZIKV GRUA ZDKD,26410858.58
556,Kathleen Outibridge,koutibridgeff@skyrock.com,FIRST BANK,LT65 4619 6435 6942 3523,29728315.71
557,Zacharias Pedrick,zpedrickfg@senate.gov,PEOPLES STATE BANK,ME14 4433 0565 5096 6748 30,42971005.87
558,Fey Juniper,fjuniperfh@nhs.uk,Volksbank Braunlage e.G.,MK42 369I 67HA JZEJ 448,15779217.23
559,Kasey Bedenham,kbedenhamfi@imdb.com,CITIZENS STATE BANK,MD96 BH0V GPDQ QEOX YEGU XC3N,30671192.91
560,Ajay Binder,abinderfj@lycos.com,BANK OF COMMERCE,FR51 2524 9221 08LB GDYT E6NG X59,9201448.57
561,Gertrudis Fawltey,gfawlteyfk@gnu.org,FININT PRIVATE BANK S.P.A. O IN BREVE ANCHE FPB S.P.A.,FR63 1535 2019 12PB PZIY ZEWE B46,13751668.25
562,Ulrikaumeko Boylin,uboylinfl@newyorker.com,Sparekassen Danmark,BE97 7846 6726 2633,16342927.81
563,Dene Bittlestone,dbittlestonefm@sfgate.com,Volksbank in Ostwestfalen eG,SE71 8284 0574 2335 5415 3723,15223483.02
564,Diane Besantie,dbesantiefn@theatlantic.com,Raiffeisenbank Kaarst eG,DO28 B2FS 1150 1283 3447 0113 7089,38356890.1
565,Cornelius Bendik,cbendikfo@newyorker.com,Raiffeisenbank Seefeld-Hadres eGen,MR98 0329 9877 6923 3117 5498 776,33981084.35
566,Kaela Chidwick,kchidwickfp@skype.com,FIRST STATE BANK,HU28 0144 3887 0925 9851 4861 9616,7337654.42
567,Sandie Natalie,snataliefq@paginegialle.it,VR Bank Niederbayern-Oberpfalz eG,AD61 7617 6661 T6GY LWCS SUTY,12720739.77
568,Melisse Blasio,mblasiofr@webs.com,BAWAG P.S.K. Bank für Arbeit und Wirtschaft und Österreichische Postsparkasse Aktiengesellschaft,FR10 7578 4102 51QL OWOL QVBX U35,23826800.36
569,Ilsa Okie,iokiefs@sciencedaily.com,Volksbank Haselünne eG,BH13 OKDR 56PJ B1GT C35O LZ,45136117.85
570,Candide Sworne,csworneft@guardian.co.uk,Western Union International Bank GmbH,IT31 O856 7255 1597 RY3Q FHSK OAC,36391067.44
571,Roland Frankling,rfranklingfu@pinterest.com,BMO HARRIS BANK,FR30 8866 7506 29HQ 9D41 EHTE W49,46276901.53
572,Daffie Noni,dnonifv@blogs.com,BANCORPSOUTH,ME16 0370 8511 7761 9191 59,20896014.51
573,Dorelle Panter,dpanterfw@auda.org.au,Westerwald Bank eG Volks- und Raiffeisenbank,SM12 F461 8191 229H HYLO 0XB2 NWS,19033378.98
574,Ozzy Gobert,ogobertfx@apache.org,BANCO POPULAR,AD47 8343 6251 RGZF COWH BRLB,25347428.92
575,Mariellen Truse,mtrusefy@unc.edu,Kreissparkasse Vulkaneifel,EE35 5236 0291 6327 7033,6307793.56
576,Dierdre Storrier,dstorrierfz@omniture.com,HUNTINGTON NATIONAL BANK,FR59 0091 9246 99FK JTJM 9FT4 M02,27858993.43
577,Amalie Bottjer,abottjerg0@engadget.com,UNITED BANK,MK63 632B DRIT KBXQ F13,8153729.95
578,Carmelita Stinchcombe,cstinchcombeg1@globo.com,UAB GF bankas,LU67 986U G5ZC L1QC 8X2L,8832585.01
579,Farah Brood,fbroodg2@gravatar.com,Caisse régionale de crédit agricole mutuel de Lorraine,GB87 OMQV 4430 9607 2867 75,45049142.91
580,Crawford Carswell,ccarswellg3@bigcartel.com,VALLEY NATIONAL BANK,SK44 0849 4358 8793 3642 1217,43393823.25
581,Nickie Benitti,nbenittig4@goodreads.com,FIRST NATIONAL BANK,BA34 0516 4880 7806 1808,19740562.5
582,Noellyn Penhaligon,npenhaligong5@behance.net,PROSPERITY BANK,MR66 1684 3771 7378 1795 7708 580,14717419.19
583,Correy Josefsen,cjosefseng6@liveinternet.ru,BANK MELLI IRAN,ES36 5166 2168 3068 5701 1856,25822830.71
584,Wrennie McCarver,wmccarverg7@nsw.gov.au,BANK OF NEW YORK MELLON,LU21 897A GSHW U78O S24D,4267379.85
585,Maureene Studholme,mstudholmeg8@aol.com,Raiffeisenbank Mürztal eGen,KZ33 259Q ILWK TUDK SDSQ,13569539.03
586,Jeffy Creese,jcreeseg9@adobe.com,Crédit Agricole S.A.,BA90 5302 1407 0548 6576,8633234.69
587,Cyril Lyddy,clyddyga@digg.com,Raiffeisenbank eG,FI59 4611 7288 8553 73,45339024.48
588,Berton Dies,bdiesgb@pcworld.com,CR CREDIT AGRICOLE MUTUEL LOIRE HTE LOIR,FR78 2595 5252 05HZ 1MEH JE2I C73,42307470.15
589,Regine Glantz,rglantzgc@huffingtonpost.com,CATHAY BANK,FR98 7302 7669 39WT OF5D ZID9 D97,29371348.12
590,Elijah Vials,evialsgd@illinois.edu,COMPASS BANK,BH74 AGTK KRGP PZYN M9EN GV,34785149.52
591,Simmonds Joplin,sjoplinge@smugmug.com,M & T BANK,AD47 2080 8981 O0VG MNWA RLQO,19576758.22
592,Abel Hembling,ahemblinggf@bravesites.com,FIRST BANK,MT41 HHDZ 7273 8JZP MORT PEW9 YUQQ UJT,25149167.99
593,Tucker Humburton,thumburtongg@bloglines.com,CAPITAL CITY BANK,FR25 3091 2893 82WZ BKLZ YCQK D21,17495145.77
594,Collette Costanza,ccostanzagh@freewebs.com,BANCA ALETTI S.P.A.,AE80 3001 1729 9009 1504 461,39051811.09
595,Conni Coytes,ccoytesgi@indiatimes.com,FIRST NATIONAL BANK OF PENNSYLVANIA,DK26 9493 7853 7705 87,3111769.25
596,Cesya Belford,cbelfordgj@cisco.com,GERMAN AMERICAN BANCORP,BH45 MAKV 6QNE WIB7 FFXU UH,21636811.62
597,Kingston Gladeche,kgladechegk@mapquest.com,CAPITAL ONE,DK29 0298 8230 1422 60,45338751.53
598,Irvin Petersen,ipetersengl@bbb.org,FIRST NATIONAL BANK,FR68 1467 4290 82PN NPTH 224G T20,26330593.98
599,Keelby Hellsdon,khellsdongm@studiopress.com,CITIZENS BANK,MC47 3966 3258 689D EYHF YCY2 X24,37807339.98
600,Justus Syce,jsycegn@desdev.cn,FIRST CITIZENS BANK & TRUST COMPANY,SI48 4498 2845 3280 401,21187351.13
601,Nariko Curton,ncurtongo@example.com,Rakuten Europe Bank S.A.,SE40 9839 9600 6206 5456 6048,47465690.87
602,Olivie Dionisi,odionisigp@multiply.com,WEBSTER BANK,NL39 GWFH 1743 8223 32,9029442.89
603,Maggy Gosforth,mgosforthgq@ning.com,Joniškio kredito unija,FR77 9363 2954 03QN SIJX 4BFZ P82,23883244.33
604,Letitia Shillabear,lshillabeargr@techcrunch.com,FARMERS BANK,PL76 4563 9936 1802 5005 5299 5512,7813970.74
605,Denyse de Courcy,ddegs@webs.com,Sparda-Bank Hannover eingetragene Genossenschaft,GE19 BE66 4808 5891 6339 43,27618228.33
606,Leisha Gabriel,lgabrielgt@narod.ru,BEAR STATE BANK,EE18 8927 0390 9869 3567,12985179.89
607,Carri Bowker,cbowkergu@macromedia.com,TD BANK,AL84 7384 1647 JC7R QSH3 YX1O WTI7,23765500.92
608,Barth Crannis,bcrannisgv@prnewswire.com,Volksbank eG,FR39 9250 2829 09PN 9JXX ZOUV U87,31969463.45
609,Rafaello Truran,rtrurangw@princeton.edu,WELLS FARGO BANK,ES19 5246 3761 8846 4994 2007,16187588.09
610,Felix Nicholson,fnicholsongx@addtoany.com,US BANK,IT60 C847 5909 057H QTWD TCEK LVO,46586598.84
611,Eberhard Laverick,elaverickgy@bloomberg.com,Compagnie pour la location de véhicules - CLV,DE58 9010 1930 8394 1476 83,3098666.49
612,Gae Harmeston,gharmestongz@timesonline.co.uk,BANCA DI CREDITO COOPERATIVO DELLE MADONIE - SOCIETA' COOPERATIVA,GI93 SDBD Z5V8 GWJ1 1T1H YKG,2710484.43
613,Modesta Wilde,mwildeh0@harvard.edu,BMO HARRIS BANK,IE97 ANGF 2784 0726 4924 54,43204546.44
614,Jaquenette Woolpert,jwoolperth1@etsy.com,STONEGATE BANK,FR94 8000 1694 403R S9RX 9KI4 N05,18453232.38
615,Beitris Prozescky,bprozesckyh2@studiopress.com,GLADBACHER BANK Aktiengesellschaft von 1922,SI61 7209 6141 8550 548,13424586.95
616,Jasmin Lanceter,jlanceterh3@prweb.com,FIRST NATIONAL BANK,IS09 6314 1217 1597 0115 4788 80,47991267.98
617,Ursulina Nussii,unussiih4@cnbc.com,JPMORGAN CHASE,SM75 B019 3591 564X PDY3 BDHN CQJ,11672478.53
618,Peggie Mimmack,pmimmackh5@amazon.co.jp,Kreissparkasse Börde,GI48 MUWD 1ENA GHFS 8CXB BPW,961363.74
619,Nomi Castri,ncastrih6@paypal.com,CAPITAL ONE,FR72 7794 0852 50WQ UL4K IYEG U10,49288669.2
620,Silvan Ivantsov,sivantsovh7@loc.gov,BRD - Groupe Societe Generale S.A.,ME07 9108 6021 9181 7009 94,26956348.57
621,Giuditta Feld,gfeldh8@qq.com,FIRST NATIONAL BANK,ME85 2595 6867 5336 8183 71,32212288.41
622,Isabel Sirette,isiretteh9@cbc.ca,FARMERS & MERCHANTS BANK,GL14 8855 8182 9567 66,1496830.96
623,Anette Fealty,afealtyha@wp.com,Rowlagh Credit Union Limited,GI40 CPYB PHFC ZMCZ SPF5 8JY,48499009.8
624,Codi Moine,cmoinehb@imgur.com,WELLS FARGO BANK,DE44 1548 5081 2036 9741 99,38625024.22
625,Garvy Sibly,gsiblyhc@whitehouse.gov,FIRST BANK & TRUST,SE03 2106 3482 9876 7886 1888,33175856.35
626,Adrea Caskey,acaskeyhd@nbcnews.com,FIRST NATIONAL BANK OF PENNSYLVANIA,FR72 5522 2214 31KX QFTD 1CJQ S69,22215190.15
627,Berkie Thaxter,bthaxterhe@unblog.fr,CITIZENS STATE BANK,FR82 3939 3949 805Z TUBE YQUR O39,45582847.5
628,Gerald Hutcheons,ghutcheonshf@china.com.cn,PPF banka a.s.,MU81 RWDU 0508 2887 9649 0912 004W GZ,49914132.38
629,Emmie Eddleston,eeddlestonhg@wunderground.com,FIRSTBANK,MD45 S1BY UEZE G7ER Q4QH HHOZ,44124206.38
630,Malvina Stanney,mstanneyhh@prnewswire.com,Sparkasse Trier,IE30 UDXX 4082 8856 6226 45,4598262.94
631,Dom Kingaby,dkingabyhi@ning.com,FIRST BANK & TRUST,RS84 5464 9905 8332 4072 70,13760487.4
632,Gabriela Plaster,gplasterhj@elpais.com,Raiffeisenbank Region Parndorf eGen,LU40 196J KSZO TVH0 UZCR,34712900.27
633,Collen Feacham,cfeachamhk@bing.com,EASTERN BANK,TN88 7304 4037 9125 7592 7750,2974977.08
634,Hailey Greeveson,hgreevesonhl@huffingtonpost.com,FIRST NATIONAL BANK,LI67 2119 8D3X NAN3 04PS H,37942773.85
635,Idell Pavolillo,ipavolillohm@forbes.com,FIRST FIDELITY BANK,GT42 M6OW UWDF JMMV VNJZ CD2X SBRR,49574771.11
636,Antons Degoix,adegoixhn@uol.com.br,BANK OF THE OZARKS,DK64 1333 8920 4811 40,9202067.02
637,Randi Snookes,rsnookesho@youtu.be,BRANCH BANKING & TRUST COMPANY,ME04 4733 2007 7124 6503 87,23786780.63
638,Michele Shawdforth,mshawdforthhp@mozilla.com,BANCA CAMBIANO 1884 S.P.A.,CY12 4357 9779 HHYN EVEF Y97K QWYT,36824050.92
639,Sterling Yakunikov,syakunikovhq@squidoo.com,BANK OF AMERICA,FR14 3102 3410 89S1 TPHL AVMF U74,26896816.56
640,Stefa Bridgnell,sbridgnellhr@parallels.com,"Banco Pichincha España, S.A..",CY39 3151 2916 ZGAE RLUQ 5LSU 4X6Q,13506141.3
641,Marjory Aizikowitz,maizikowitzhs@dailymail.co.uk,KBC Bank,IS72 0677 0144 8722 4458 7135 79,14206531.75
642,Benedict Keppel,bkeppelht@yolasite.com,Claddagh Credit Union Limited,LU14 389R KM4J LQI9 NLEQ,19882338.06
643,Hilde Aymerich,haymerichhu@addtoany.com,CASSA RAIFFEISEN DELLA VALLE ISARCO SOCIETA' COOPERATIVA ( IN LINGUA TEDESCA RAIFFEISENKASSE EISACKTAL GENOSSENSCHAFT),SE32 4059 7017 8476 5071 1345,15610728.35
644,Edwin McGurk,emcgurkhv@booking.com,CITIBANK,FR22 8831 1736 79LG SBPK XXPD F61,49726966.73
645,Karyl Bodleigh,kbodleighhw@newyorker.com,BMO HARRIS BANK,FR94 0797 1688 95WA G4RU 21PV U56,43163556.51
646,Mort Pleat,mpleathx@prnewswire.com,CAPITAL BANK,CZ65 5422 4059 5525 7965 7861,41868768.87
647,Courtney Wherry,cwherryhy@mapy.cz,Deutsche Bank Luxembourg S.A.,PS44 ZTPQ 8OIS FTQK H5XO 7NCA CNQJ U,27922944.52
648,Naoma Mongeot,nmongeothz@umn.edu,CASSA RAIFFEISEN BASSA ATESINA (IN LINGUA TEDESCA RAIFFEISENKASSE UNTERLAND),NL65 BWCU 3423 6281 11,19455879.11
649,Tomaso Gotling,tgotlingi0@livejournal.com,CITIZENS STATE BANK,DO92 NAK5 9436 7769 5906 4275 9680,39655249.56
650,Giulia Pimbley,gpimbleyi1@reuters.com,HUNTINGTON NATIONAL BANK,BG32 LNTS 7233 861S NQZY KS,38388729.13
651,Thebault Hundal,thundali2@chronoengine.com,KBC Bank,FR38 7934 7896 145I 0FI3 4DEA J01,3384766.27
652,Gaspard Currell,gcurrelli3@ow.ly,TRUSTMARK NATIONAL BANK,CZ72 5650 0680 3187 5254 7726,142560.15
653,Karine Bladesmith,kbladesmithi4@furl.net,FIRST NATIONAL BANK OF PENNSYLVANIA,TR17 1696 07KE M8PM ABNH EQ7Q 53,14907329.35
654,Auberon Kitchiner,akitchineri5@jimdo.com,CADENCE BANK,FR49 7783 3269 603Z K1Q0 NQDG I07,4444110.08
655,Michelina Clavering,mclaveringi6@usatoday.com,Sparkasse Zollernalb,LI97 8577 1WRK ZIVP C7VL G,15912305.09
656,Koralle Novelli,knovellii7@jiathis.com,Volksbank Ruhr Mitte eG,MK59 328R NJKN JUHX H49,46776824.13
657,Bogey Mateiko,bmateikoi8@feedburner.com,PNC BANK INC. - BALTIMORE,IL63 0907 1102 4177 2517 777,49449100.94
658,Hollyanne Poppleston,hpopplestoni9@businessweek.com,BPCE,FR68 1823 1419 30JM Z5UR W5BX V08,8851825.31
659,Sol Di Biagio,sdiia@google.com.br,BANCO BPM SOCIETA' PER AZIONI,MT26 FDXT 8227 9GBO HHSW OOFM DBWG PQY,33774870.67
660,Yankee Blakeborough,yblakeboroughib@amazon.de,FIRST BANK,FR17 4121 2053 67FI 4WDT DJZS H41,34609907.54
661,Letty Bridgstock,lbridgstockic@godaddy.com,SANTANDER BANK,LB95 9938 ASKX YP8H 49QT Y6GU 29LU,634991.76
662,Ike Ionnidis,iionnidisid@free.fr,Kommunalkredit Austria AG,GT58 NV3E SK99 TMXZ UGH8 GVCF MC7Q,20186190.84
663,Jacqueline Kingh,jkinghie@etsy.com,Caisse régionale de crédit agricole mutuel de la Martinique et de la Guyane,AE95 9389 4914 4699 7317 520,39645038.11
664,Pepe Eldridge,peldridgeif@narod.ru,FIRST BANK,ES67 0259 8884 6991 3333 2596,6921457.69
665,Camille Craigmile,ccraigmileig@barnesandnoble.com,Kreissparkasse Vulkaneifel,CZ85 7419 2099 3325 8098 3878,29590946.15
666,Durant Scranney,dscranneyih@statcounter.com,CADENCE BANK,TR90 5056 68PN ATCR XT9G 1GOE AO,19907187.97
667,Mitchael Maddison,mmaddisonii@scientificamerican.com,Black Raven Credit Union Limited,AE49 7091 1893 8161 9912 352,12640948.84
668,Merna Burnett,mburnettij@japanpost.jp,BANCA POPOLARE ETICA - SOCIETA' COOPERATIVA PER AZIONI (IN FORMA ABBREVIATA BANCA ETICA O BPE),LB52 7696 JZUE GUBZ PFN1 XQRA ZPGJ,25023357.79
669,Gardner Cissell,gcissellik@statcounter.com,RCI Banque,DK80 7584 5173 4666 18,31639155.41
670,Haley Yitzhak,hyitzhakil@parallels.com,Stadtsparkasse Wuppertal,NL19 JXTV 0712 2482 80,21233459.61
671,Del Bernardon,dbernardonim@istockphoto.com,RAIFFEISENBANK im Walgau eGen,GR79 5728 6591 UYMI 5ZVH 34ND CMH,38272621.15
672,Timmie Harby,tharbyin@amazon.co.uk,Raiffeisen Bezirksbank Kufstein eGen,FR65 4884 3414 60LT L4JV LIGN S15,45652915.09
673,Giffard Fidgett,gfidgettio@mapy.cz,Raiffeisenbank eG,AT95 0229 8693 9106 3170,37268603.15
674,Jeannie Balnaves,jbalnavesip@imdb.com,Toyota Bank Polska S.A.,CY58 0204 9991 BSQP YYZW K0LK HYHH,39082323.74
675,Saree Dawidsohn,sdawidsohniq@sogou.com,BANK OF AMERICA,FR65 9055 5184 68TA KM99 YEL8 187,28935312.05
676,Keelby Osborne,kosborneir@blogspot.com,FIRST NATIONAL BANK,FR38 0599 4958 58LW 0OTC QNZO A86,38667588.8
677,Chandal Jakucewicz,cjakucewiczis@furl.net,FIRST COMMUNITY BANK,HR17 7145 0816 9709 8335 6,41884336.62
678,Sterne Mates,smatesit@jugem.jp,CITIZENS STATE BANK,FR31 6136 5393 91KZ ZGN0 4SN7 T76,23128175.76
679,Toddy Rainville,trainvilleiu@amazon.co.jp,PROSPERITY BANK,FR31 8078 4391 40HA B5ZA 2KFF 608,15632027.88
680,Dawn Walmsley,dwalmsleyiv@creativecommons.org,COMPASS BANK,AZ27 WODF QOH5 LBW4 KE1U MZUP MQL0,21588269.0
681,Chrissie Roderighi,croderighiiw@uol.com.br,FIRST NATIONAL BANK,FR06 7597 1551 3663 ECDR EPCO 681,40276162.03
682,Rossy Zisneros,rzisnerosix@altervista.org,UMB,NL69 LEXB 2025 9604 92,1635707.24
683,Beauregard Staniforth,bstaniforthiy@ifeng.com,BANK DEGROOF PETERCAM,GI53 GWPR VTNV BLQL B5DG ECG,46860056.11
684,Lucia Wyldbore,lwyldboreiz@unc.edu,Volksbank Hohenzollern-Balingen eG,MR84 0784 2450 2604 3555 9959 304,22201971.13
685,Saundra Grime,sgrimej0@free.fr,AMERIS BANK,MC32 2672 5769 79V8 28FD MIKA 345,32704505.46
686,Marianne Wintersgill,mwintersgillj1@behance.net,UNION STATE BANK,MC80 8702 5154 84QZ CC1C WHBB F63,12089814.65
687,Gardener Lared,glaredj2@taobao.com,FIRST NATIONAL BANK,CR24 0465 1052 8597 2545 4,13259028.24
688,Roxi Martinec,rmartinecj3@mac.com,PSD Bank Braunschweig eG,MT07 RPKX 1876 3TFG H3MQ PTEB CVMC WUX,15985362.34
689,Jorry Booley,jbooleyj4@blog.com,PNC BANK,MU64 VWXV 7564 4016 0730 9140 666Z FX,24487696.53
690,Barb Kopelman,bkopelmanj5@admin.ch,EKSPRES BANK A/S,PS77 SACX EI0N XL2C DS4P OLAP E1KF B,22966525.78
691,Jemmy Spours,jspoursj6@tinypic.com,CASSA RAIFFEISEN DI TESIMO SOCIETA' COOPERATIVA (IN LINGUA TEDESCA RAIFFEISENKASSE TISENS GENOSSENSCHAFT),FR12 5203 0143 26TS QDXK TD62 263,991556.66
692,Killie Worge,kworgej7@sbwire.com,St. Columba's Credit Union Limited,FI45 8939 1971 1674 76,18210707.77
693,Ethe Rallin,erallinj8@rambler.ru,FIRST NATIONAL BANK OF PENNSYLVANIA,KW94 KTVU Q8FP GHDZ RUC1 OZHJ Q0D7 S1,801669.99
694,Marget Rymill,mrymillj9@netvibes.com,Limerick & District Credit Union Limited,FR35 6699 7324 33VQ V3R7 OFPX J03,12560007.42
695,Farly Ticehurst,fticehurstja@unc.edu,BANCO BPM SOCIETA' PER AZIONI,MC91 6993 3389 703V MTTL N5LP N08,21744719.91
696,Sophey Barnardo,sbarnardojb@bigcartel.com,CENTENNIAL BANK,AZ36 JSDD KX5T BEP0 C8AF F7MN 8MJI,16578455.53
697,Sheila Park,sparkjc@goo.ne.jp,STONEGATE BANK,KZ88 084D N7CR 1PKM XUTD,931965.46
698,Katinka Rumsey,krumseyjd@cmu.edu,CITIZENS STATE BANK,SA84 06HV 0ACR UXJJ YBRC BTZW,4409467.97
699,Addia Hebron,ahebronje@youtube.com,EXIM BANCA ROMANEASCA S.A.,FR43 2040 8114 94GK NIIF BJ9F P71,7103861.18
700,Sean Torn,stornjf@scientificamerican.com,Sparkasse Fürstenfeldbruck,CZ38 6509 4506 7722 5886 2342,43222992.88
701,Rochell de Copeman,rdejg@1und1.de,Raiffeisen-Regionalbank Gänserndorf eGen,NO50 7566 3733 349,38645349.76
702,Jasmine Tollady,jtolladyjh@taobao.com,"Danske Bank A/S, Danmark, Sverige Filial",GL91 7822 0950 7736 85,10026515.85
703,Carlye Sleith,csleithji@bravesites.com,CENTENNIAL BANK,SM28 D376 5339 312X K7MQ VHCC 4OF,12446933.67
704,Uri Deares,udearesjj@histats.com,"Banco Mediolanum, S.A.",DE40 2013 8520 3802 8584 66,45532540.91
705,Bianka Liley,blileyjk@redcross.org,CREDIT UNION OF SOUTHERN CALIFORNIA,MC23 4361 6452 57T6 E9SC DLEF X94,19556604.37
706,Morgan Kobisch,mkobischjl@goodreads.com,FIRST STATE BANK,FR75 9204 4851 67Z0 E5GX PCHW P77,35142020.67
707,Lezley O'Kerin,lokerinjm@opensource.org,FIRST SAVINGS BANK,SA73 064L KY2L ZL9G PULR P3T3,41476456.86
708,Roselia Rubinowitz,rrubinowitzjn@themeforest.net,FIRST STATE BANK,GE16 ZA52 6923 6551 4561 06,14196713.77
709,Annabal Dearnly,adearnlyjo@live.com,Erris Credit Union Limited,FR38 8110 6544 95B3 LNOG PXG4 U20,38354861.49
710,Lauri Defty,ldeftyjp@va.gov,State Bank of India,LI94 1403 1IAP N0CT O5ZK T,32332063.79
711,Elvira Ville,evillejq@google.co.jp,HSBC BANK,VG34 STLI 1571 9794 5131 1069,15241983.19
712,Ellissa Felton,efeltonjr@deliciousdays.com,"Renta 4 Banco, S.A.",SE49 2841 2633 9763 1225 2343,13470854.11
713,Maddi Nyles,mnylesjs@altervista.org,KEYBANK,LV45 IJYH VOQP ABOL 3HRK X,18063855.74
714,Thain Pleat,tpleatjt@tinyurl.com,COMMUNITY BANK,LB45 7337 WHYT VOXY GNSO JGII 4J9W,20150383.79
715,Eleonora Delamar,edelamarju@ocn.ne.jp,CITIZENS BANK,BR34 4843 8781 5307 2167 7794 609M 3,32635054.33
716,Thorsten Godwyn,tgodwynjv@xing.com,FIRST BANK,CZ97 3015 5649 3203 6119 4586,38743435.05
717,Darya Rowdell,drowdelljw@zdnet.com,Raiffeisen Bank International AG,CZ80 6000 1155 9253 8218 1957,42285201.62
718,Dorothy Tonnesen,dtonnesenjx@dmoz.org,AMERIS BANK,FR68 3428 4911 48DT 7HEO MAFT E72,16626954.01
719,Gery Eloi,geloijy@live.com,HERITAGE BANK,LT87 3542 5784 7170 3769,13168151.62
720,Briny Andrioli,bandriolijz@1und1.de,FARMERS STATE BANK,GB63 FVSB 5558 2471 1334 29,6423321.87
721,Winny Gann,wgannk0@psu.edu,WELLS FARGO BANK,HR82 9119 6038 1306 3814 3,25570324.22
722,Christiana Lawty,clawtyk1@craigslist.org,UMPQUA BANK,TR09 3771 45MW I5FU I1BU TBGA AK,32447014.07
723,Gibby Milburn,gmilburnk2@berkeley.edu,Raiffeisenbank Westeifel eG,IT31 C715 7857 423T M1NG 6QF7 GZU,33564102.64
724,Sandra Mouton,smoutonk3@dion.ne.jp,BANCA TRANSILVANIA S.A.,DO87 UVIK 2345 1163 3590 0483 2398,43984355.33
725,Jennica Montfort,jmontfortk4@home.pl,UBS Europe SE,MK95 507D MDXA UDU1 U98,1095848.58
726,Nadya Arkley,narkleyk5@cocolog-nifty.com,USALLIANCE FEDERAL CREDIT UNION,FO98 6303 2818 2884 98,26777996.13
727,Darlleen Iveagh,diveaghk6@wikipedia.org,BPCE,ME28 6419 4200 3760 7547 49,15540883.08
728,Ulrica Mioni,umionik7@stanford.edu,FIRST BANK & TRUST,LB95 5888 PWR9 ITB7 RJ9V TQXW SYOW,5127177.67
729,Barb Letterick,bletterickk8@amazon.com,VR Bank eG Bergisch Gladbach-Leverkusen,SM08 T534 6704 348C WCOJ 8TXZ 2KN,37955614.07
730,Noella Hodgen,nhodgenk9@elegantthemes.com,FIRST NATIONAL BANK,AT94 3550 1416 3989 8192,12066571.72
731,Giuseppe Hartley,ghartleyka@google.com,Raiffeisen-Volksbank Bad Staffelstein eG,FR87 9699 5340 4809 UP3C L5BS P70,45062932.5
732,Erma Denisyuk,edenisyukkb@seesaa.net,IBERIABANK,LI35 7486 4SYU MJGL TD5W E,30289161.89
733,Elysee Daddow,edaddowkc@toplist.cz,BANCO BPM SOCIETA' PER AZIONI,MC49 6994 0310 44YV PW6U 008C U20,16272858.79
734,Nathanael Davenell,ndavenellkd@loc.gov,BANCA CENTRO CALABRIA - CREDITO COOPERATIVO - SOCIETA' COOPERATIVA,SI16 7354 9310 1378 557,44254851.6
735,Georgeta Denham,gdenhamke@slideshare.net,PROSPERITY BANK,BR08 0538 6211 8079 5033 9074 420Z H,35347234.3
736,Mara Aneley,maneleykf@virginia.edu,Banque d'escompte,PS71 YBVN DVC6 AV93 OWAD YXVA CK6L F,46158345.04
737,Becki Pluthero,bplutherokg@blogspot.com,CAISSE D'EPARGNE ET DE PREVOYANCE GRAND EST EUROPE,LI76 6430 5PMI CLDE AD4G O,27080785.27
738,Tybie Neligan,tneligankh@tripadvisor.com,"Caixa Popular-Caixa Rural, S. Coop. de Crédito V.",DK95 1484 6095 6312 29,15211498.19
739,Christian Mossdale,cmossdaleki@ning.com,"SID-SLOVENSKA IZVOZNA IN RAZVOJNA BANKA, d.d., LJUBLJANA",GI85 BPBZ RCWD VS6M OKVW 0B0,35383947.51
740,Catriona Brotherhead,cbrotherheadkj@wikimedia.org,Bank Millennium S.A.,BA90 5013 1047 1618 0301,122275.86
741,Derrek Saddler,dsaddlerkk@state.gov,Adyen N.V.,GE28 YS74 2319 7111 2338 81,27381020.13
742,Orazio Franceschielli,ofranceschiellikl@com.com,BANCO BPM SOCIETA' PER AZIONI,FR35 4055 1057 8322 RTOX DE5U Z37,22212731.69
743,Dyanna Lyokhin,dlyokhinkm@shutterfly.com,"CACEIS Bank Spain, S.A.",HU40 2187 1184 9292 9169 4077 7415,20262149.19
744,Jillayne Bridgen,jbridgenkn@europa.eu,UniCredit Bank Austria AG,RS30 6098 7629 5079 4231 60,22317257.46
745,Seumas Blaase,sblaaseko@baidu.com,NBH BANK,KW04 XHQW ZXM8 VJS2 NFJX 4WTS UQUW 9X,33643133.88
746,Cacilie Greenslade,cgreensladekp@cam.ac.uk,BANCO POPULAR,DO07 X4QA 1079 9721 5343 3707 8848,5235805.4
747,Tammie Cowin,tcowinkq@seattletimes.com,North Longford and Arva Credit Union Limited,PK08 LKNA FIUG ZAYI H0ID WFR9,1531747.48
748,Archy Pencot,apencotkr@booking.com,M & T BANK,FR14 2243 8789 126P 0CZ5 J0QD B28,714247.88
749,Jenny Jacquemot,jjacquemotks@columbia.edu,Raiffeisenbank Unteres Inntal eG,BA45 7472 3363 4610 4883,38176724.69
750,Kennett Tembey,ktembeykt@1688.com,Volksbank Raiffeisenbank Starnberg-Herrsching-Landsberg eG,FR52 6399 4855 65MD 4QID AYQJ A59,46868341.72
751,Ianthe Stoker,istokerku@weather.com,Raiffeisenbank eG,FR79 7124 8835 92SA PCDT S5FW L08,40967629.76
752,Alfy Hardy,ahardykv@addthis.com,BANCO BPM SOCIETA' PER AZIONI,EE48 9052 5979 6438 8246,22625764.88
753,Noe Jobb,njobbkw@eventbrite.com,PEOPLES BANK,KZ25 325P INAJ PZGE LK2D,17504613.09
754,Elmira Gamlyn,egamlynkx@studiopress.com,Vereinigte VR Bank eG,MR73 3242 2316 0250 8238 3408 080,26100679.94
755,Gabby Manass,gmanassky@ovh.net,PNC BANK,PL65 1277 8811 0269 4690 0660 9562,7413062.8
756,Morgen Wickey,mwickeykz@yolasite.com,Vereinigte Volksbank eG,GT90 RSWZ PQEW RHDW QMDP KGZV PPWJ,42330370.29
757,Rollin Ager,ragerl0@state.tx.us,FIRSTBANK,SA33 041W R8PH LQBN ISSX 2ORO,32214411.51
758,Rhea Riches,rrichesl1@businessinsider.com,BANCO BPM SOCIETA' PER AZIONI,PT72 3271 3750 0405 6058 9378 2,33258234.02
759,Loria Brazur,lbrazurl2@cbsnews.com,COMMERCE BANK,RS78 4885 0648 9153 6371 76,46593585.6
760,Freida Faircliffe,ffaircliffel3@nymag.com,CITY NATIONAL BANK,DK25 9646 0651 4243 53,47698326.87
761,Athene Lattin,alattinl4@free.fr,MAINSOURCE BANK,KZ30 0617 A8SV 2K3T J9OI,26784129.87
762,Oliver Slessor,oslessorl5@oracle.com,Tower Credit Union Limited,GR52 6312 0838 5TML 9360 NN7U EGP,47329999.88
763,Glyn Danter,gdanterl6@fastcompany.com,BANCA FINNAT EURAMERICA S.P.A. (IN FORMA ABBREVIATA BANCA FINNAT S.P.A. OVVERO BANCA EURAMERICA S.P.A.),MD50 APFS FBUY MEG7 ZS9Q YWNK,5850002.72
764,Thain Daniaud,tdaniaudl7@myspace.com,Stadtsparkasse Rheine,MC13 1391 8706 396W 0JLD KFDL Q13,4525267.57
765,Cosmo Yousef,cyousefl8@stanford.edu,UNIFY FINANCIAL FEDERAL CREDIT UNION,KZ81 4044 IVM6 ZM57 79XW,1664022.64
766,Juliet Wheeler,jwheelerl9@dedecms.com,Skandiabanken Aktiebolag (publ),FO42 2203 1342 6994 26,41787603.89
767,Spike Spargo,sspargola@typepad.com,COFIDIS SA,AD06 0828 2390 5EGX SJ8F OVB3,22658169.99
768,Terra Wash,twashlb@usnews.com,BNP Paribas,EE55 5110 7663 4174 9167,15378245.73
769,Solomon Mawford,smawfordlc@wikimedia.org,WELLS FARGO BANK,GB41 NGMT 2077 0975 1917 92,40834606.96
770,Isidoro Greeves,igreevesld@macromedia.com,BANK OF NORTH CAROLINA,AD16 0618 4646 YS2M 2DCR LDHA,36854656.02
771,Archy Ginley,aginleyle@bandcamp.com,VeloBank Spółka Akcyjna,LI66 8855 1YFT EOP9 6U9V 4,14313377.74
772,Florinda Schimpke,fschimpkelf@illinois.edu,Kreissparkasse Döbeln,TN81 1843 0094 0161 4969 2229,8099907.21
773,Karl Bozier,kbozierlg@seattletimes.com,Compagnie générale de crédit aux particuliers - Crédipar,FR82 1048 3354 68UP Y8CN SVKJ V47,39773446.64
774,Fancie Chapellow,fchapellowlh@tamu.edu,BANCO BPM SOCIETA' PER AZIONI,MC77 3484 6169 44RD AGSX S9M7 D56,5299737.6
775,Dane Anthon,danthonli@prnewswire.com,Raiffeisenbank Bad Saulgau eG,LB91 3169 PUXC 3PXC D86A DBTV VMXE,47565329.11
776,Gayla Spuner,gspunerlj@dyndns.org,KEY BANK,FR66 2981 9107 92ZI Y1XV CLIC S93,15735948.58
777,Henrie Blower,hblowerlk@blogger.com,CASSA RAIFFEISEN ULTIMO - S. PANCRAZIO - LAUREGNO SOCIETA' COOPERATIVA (RAIFFEISENKASSE ULTEN-ST.PANKRAZ-LAUREIN GEN.),IT49 S719 4936 426X ZJFC EOWI DCO,40832617.22
778,Burch Neumann,bneumannll@freewebs.com,FIRST NATIONAL BANK,FR40 7747 1990 52FR 6YYK OCNS P04,10455781.99
779,Lavina Chaperling,lchaperlinglm@flickr.com,Volksbank Nordhümmling eG,LT48 1478 2348 2869 8275,17345583.74
780,Leonardo Troppmann,ltroppmannln@jalbum.net,"Caixa Rural Les Coves de Vinromá, S. Coop. de Crédit V.",SM87 D896 1128 298Q IRUC 0X5P 1SJ,15339659.41
781,Cathryn Pellington,cpellingtonlo@google.de,Claddagh Credit Union Limited,PK17 QQTZ AFPA HE5G LGMJ 36S9,44378595.46
782,Freddy Room,froomlp@prnewswire.com,COMPASS BANK,KZ88 179U 4RGQ 9T80 5CIF,44171089.96
783,Yuma Lawie,ylawielq@aol.com,WELLS FARGO BANK,PT75 3516 5581 2768 6533 4201 6,2333132.89
784,Manfred Gerardet,mgerardetlr@woothemes.com,BANCO BPM SOCIETA' PER AZIONI,IS16 9773 3281 5870 9434 3842 81,9654303.46
785,Corena Lomaz,clomazls@netvibes.com,CITIBANK,FR05 8586 6332 35SW CYIO FYAR T26,39544832.77
786,Florinda Wapple,fwapplelt@intel.com,COMMUNITY BANK,PS02 ZWUD 2WZE 2LFE T9KG 39LB ACQJ W,10732551.74
787,Vivien Christoffels,vchristoffelslu@sitemeter.com,BANCO POPULAR,GB88 WYIN 0513 0360 7802 01,38793482.51
788,Celene Cambridge,ccambridgelv@thetimes.co.uk,CITIZENS NATIONAL BANK,TN55 4107 7260 6651 9385 8602,7674997.99
789,Katerine Craigg,kcraigglw@bloomberg.com,Sparkasse Krefeld - Zweckverbandssparkasse der Stadt Krefeld und des Kreises Viersen -,GT75 BJHB BK12 NCEL UTJO DLRM PW9K,2466379.3
790,Bobbette Blayd,bblaydlx@google.com.au,Alisa Pankki Oyj,CZ29 1361 4495 5481 4214 5475,21380996.71
791,Bab Matuszewski,bmatuszewskily@yandex.ru,FIRST BANK,CH82 2021 7UHH OAZK ISLK T,12151523.22
792,Jason Osgodby,josgodbylz@msu.edu,BANK OF THE WEST,MR73 7544 6214 1341 6018 2156 473,17762296.01
793,Eal Dwelley,edwelleym0@privacy.gov.au,Natiocrédibail,FR44 0076 0463 33YN Y1BJ 0TXV S84,20823127.66
794,Sydelle Verden,sverdenm1@un.org,VR-Bank Bonn Rhein-Sieg eG,ES88 3441 2923 8404 8984 5669,33676347.21
795,Duky Ragbourn,dragbournm2@istockphoto.com,Hannoversche Volksbank eG,FR13 2978 5808 1026 CL5K VIEP B73,19746081.31
796,Janot Albro,jalbrom3@aol.com,GREAT LAKES CREDIT UNION,DE48 0179 2263 0555 2030 52,40057261.57
797,Celeste Killock,ckillockm4@ted.com,FYNSKE BANK A/S,LV90 WFDB GYUJ KWOT MWPP A,46609921.34
798,Fredelia Crosoer,fcrosoerm5@arizona.edu,Axa banque,FR26 4066 5700 724X 8QRY I9AP N21,47098123.15
799,Wilmar Duffree,wduffreem6@youtube.com,TD BANK,LU14 706T MT5S HWIS WS5V,24493417.47
800,Theodora Sworn,tswornm7@cocolog-nifty.com,HERITAGE BANK,FR71 1377 6904 20AK Q80M AAVR P54,39797555.28
801,Shalne Shead,ssheadm8@techcrunch.com,PACIFIC WESTERN BANK,IS59 0567 5130 2928 8757 1770 01,37453998.66
802,Dewitt Kelling,dkellingm9@multiply.com,FIRST STATE BANK,HU52 0277 3223 7050 9474 7122 3377,42161907.18
803,Giorgio McCarlie,gmccarliema@goodreads.com,BMO HARRIS BANK,NL61 XTCD 7518 6602 24,39579963.23
804,Katie Frankcombe,kfrankcombemb@hp.com,Raiffeisenbank eG,VG35 NOBO 1714 0050 6171 6767,38165080.97
805,Marion McNuff,mmcnuffmc@ibm.com,BANCO BPM SOCIETA' PER AZIONI,DE69 5042 0189 0528 2069 52,13637760.69
806,Alvina Otto,aottomd@qq.com,Claddagh Credit Union Limited,GB26 JPJL 6823 9933 7709 69,20511376.58
807,Ezequiel Burriss,eburrissme@discovery.com,Sparkasse Schwaben-Bodensee,HU32 0757 9376 4171 3959 9330 9303,48743342.68
808,Karola Tremonte,ktremontemf@ustream.tv,REALKREDIT DANMARK A/S,AD75 8325 5528 L8HG VZ3J RFLJ,9147656.22
809,Sim Layborn,slaybornmg@shop-pro.jp,"UNICREDIT, SOCIETA' PER AZIONI",AT68 3081 2475 9617 5968,48313701.45
810,Levon Little,llittlemh@cargocollective.com,CITIZENS BANK,FO42 1760 4963 4916 40,20632761.52
811,Gwennie Russ,grussmi@uiuc.edu,TD BANK,FR26 9405 4911 76LH I1YR GP1M 333,693620.01
812,Nariko Farny,nfarnymj@vk.com,Mizuho Trust & Banking (Luxembourg) SA,FR35 9445 5893 36EO FEEW D3GT A94,264797.86
813,Daniel Hawford,dhawfordmk@sciencedirect.com,Volksbank Schlangen e.G.,GI49 DZTU WJ20 CZA4 2DMI S7N,6374621.65
814,Ethelred Thieme,ethiememl@jiathis.com,BANCA NAZIONALE DEL LAVORO S.P.A. (IN FORMA CONTRATTA BNL S.P.A.),CR98 3600 6246 5802 3847 1,20029649.58
815,Kiel Padly,kpadlymm@house.gov,Cabra Credit Union Limited,FR36 0336 8214 042W XQS6 DZ8J X49,2226222.68
816,Tannie Prydden,tpryddenmn@loc.gov,Raiffeisenbank Korneuburg eGen,IE21 SVMK 2935 6462 2767 02,36150448.78
817,Krishna Rontree,krontreemo@sohu.com,CAPITAL ONE,ES47 1766 2551 1847 1946 1345,11816241.64
818,Winny Dooland,wdoolandmp@yale.edu,IBERIABANK,PK33 QTFL 64PW WBAA FWPZ HPID,13409975.87
819,Mirella Tyrie,mtyriemq@kickstarter.com,CORNERSTONE BANK,FR11 3686 2549 48GF PG80 YVHH Q85,26900702.68
820,Dallis Bogaert,dbogaertmr@wsj.com,USALLIANCE FEDERAL CREDIT UNION,FR25 7057 9659 93MB EEE7 2YDR 107,5854387.82
821,Rena Gilbart,rgilbartms@acquirethisname.com,COLUMBIA STATE BANK,SE20 9159 2253 2269 0176 6917,5372636.31
822,Walther Lovell,wlovellmt@cdc.gov,RCI Banque,FR29 6741 8411 51EA BKHF 6OOZ B12,7926413.91
823,Ivie d'Escoffier,idescoffiermu@ycombinator.com,COMPASS BANK,CR24 5345 5554 0468 0224 3,22356923.38
824,Hazel McAlindon,hmcalindonmv@mayoclinic.com,BANCA NAZIONALE DEL LAVORO S.P.A. (IN FORMA CONTRATTA BNL S.P.A.),AT72 5014 1833 8073 8318,19733208.42
825,Afton Schlag,aschlagmw@nbcnews.com,UNITED COMMUNITY BANK,EE02 0703 5611 5699 9508,42515217.23
826,Caresse Ikins,cikinsmx@google.com.au,Sydjysk Sparekasse,MR12 7144 3383 8276 7815 7533 410,30138304.16
827,Alison Giannoni,agiannonimy@xinhuanet.com,UNITED BANK & CAPITAL TRUST COMPANY,SE30 3572 1461 9463 5730 5732,40419624.23
828,Gerda Popplewell,gpopplewellmz@mozilla.com,Volksbank in Schaumburg und Nienburg eG,AL75 6247 7069 IZRN LWAR F1VR DLSL,33446025.05
829,Demetre De Francisci,dden0@cdc.gov,Sparkasse Pforzheim Calw,BR33 8639 2522 9113 6798 4106 356R 1,12217969.63
830,Dorise Happs,dhappsn1@constantcontact.com,THE HUNTINGTON NATIONAL BANK,VG49 BYLC 5673 1841 7639 6569,13782865.47
831,Lorilee Padmore,lpadmoren2@blinklist.com,FIRST STATE BANK,GB72 KFBZ 9122 5253 4673 28,18844020.58
832,Asia Zahor,azahorn3@amazon.de,UNITED COMMUNITY BANK,EE59 8033 9048 2591 1881,24766743.28
833,Mal Douche,mdouchen4@is.gd,REGIONS BANK,BR51 6267 5795 0110 3316 5502 420I U,43057700.19
834,Osbourne Blount,oblountn5@yahoo.com,S & T BANK,GI34 UFRS Z2N6 NYQP 7GTM NMU,46130553.69
835,Lexis Pruvost,lpruvostn6@photobucket.com,Ennistymon and District Credit Union Limited,HU89 9930 5886 0331 2417 6234 2614,45499431.45
836,Ann Puckham,apuckhamn7@symantec.com,BPCE,BR90 5053 3134 3011 5117 9006 646L H,17677793.45
837,Armin Cawthery,acawtheryn8@drupal.org,NEW YORK COMMUNITY BANK,HR35 2188 2982 6564 4552 9,5613006.01
838,Shirlee Bubeer,sbubeern9@dyndns.org,CAPITAL BANK,MK33 299M NZ6Y UODB T33,1598651.72
839,Davis Braghini,dbraghinina@zimbio.com,Raiffeisenbank im Kreis Calw eG,FR08 9421 1211 47UD ILY3 NGG1 558,14026296.83
840,Maxine Ravenhill,mravenhillnb@npr.org,CITY NATIONAL BANK,SI35 7688 7158 0285 499,18471269.63
841,Merna Giacopello,mgiacopellonc@google.ca,HUNTINGTON NATIONAL BANK,FR81 5885 9693 35X4 WIXA 8QMA U36,4872562.87
842,Otis Crowest,ocrowestnd@joomla.org,AXA Home Loan SFH,LV71 HCHP 0SV0 BG1B GYQU D,10795067.72
843,Patty Jina,pjinane@google.es,FIRST SECURITY BANK,SI12 9987 4398 7877 033,33344068.9
844,Dougy Larmour,dlarmournf@hc360.com,M & T BANK,SI61 9363 4341 6422 783,12442703.48
845,Maurise Ivens,mivensng@census.gov,BRANCH BANKING & TRUST COMPANY,AL26 6009 6648 EO2Z F2MV 1KRB 9SGX,32212404.68
846,Erich Stealfox,estealfoxnh@amazon.co.uk,GREAT SOUTHERN BANK,NO44 1097 9101 291,25074617.84
847,Clotilda Dance,cdanceni@blogger.com,BANCO BPM SOCIETA' PER AZIONI,AZ72 BRQN 5RGZ SYPU PB0R D0RO TRMN,8383457.48
848,Gipsy Dudley,gdudleynj@cornell.edu,BANCO BPM SOCIETA' PER AZIONI,MR38 4203 4900 6341 0422 6521 219,24838809.5
849,Chrissy Volkes,cvolkesnk@blogs.com,MØNS BANK A/S,AE05 0492 6870 7736 7822 681,26978697.24
850,Terza Underhill,tunderhillnl@time.com,PEOPLES BANK,SE71 2653 2957 6282 2309 7902,25351667.23
851,Den Maken,dmakennm@zdnet.com,MMV Bank GmbH,ES18 1602 8951 6774 2538 5711,6315438.08
852,Coralie Balazs,cbalazsnn@xing.com,GarantiBank International N.V.,MR83 4053 5189 8167 5747 2002 142,45343070.29
853,Axe Thying,athyingno@home.pl,"MONETA Money Bank, a.s.",BG41 OCKQ 3716 865O AE2R OH,41731692.34
854,Micah Kraut,mkrautnp@creativecommons.org,PNC BANK,BH62 NJHA RIBG RZ94 RVHS M0,1344643.09
855,Mariquilla Matuszewski,mmatuszewskinq@comcast.net,Deutsche Pfandbriefbank AG,FR13 7713 6682 26AR 5YUY MJPP D45,48950686.94
856,Hobard Woltman,hwoltmannr@yale.edu,FINDOMESTIC BANCA SPA,SE69 0563 8547 1095 1660 5907,14498286.82
857,Ignacio Cridge,icridgens@tripadvisor.com,"Banco Bilbao Vizcaya Argentaria, S.A.",EE66 9761 9877 4670 3125,42640130.88
858,Natalee Sneesby,nsneesbynt@irs.gov,Raiffeisenbank Wagram-Schmidatal eGen,CZ45 0421 8577 9323 4926 2798,37744099.92
859,Emyle Shelbourne,eshelbournenu@nbcnews.com,"Caja Rural de Albacete, Ciudad Real y Cuenca, Sociedad Cooperativa de Crédito",LB15 2510 NIMN CHTE VOZD EWC9 OZSM,28307829.43
860,Faunie Whillock,fwhillocknv@chron.com,BANCO BPM SOCIETA' PER AZIONI,CH38 7516 8AZP 7MFD NHKR 7,8282228.56
861,Natka Dolder,ndoldernw@xing.com,CITIZENS BANK,NO43 9317 0981 108,34678424.5
862,Dorey Easman,deasmannx@nps.gov,State Bank of India,IS77 2216 5757 2795 6310 9554 63,36051464.54
863,Bridget Flescher,bflescherny@xinhuanet.com,Bank Spółdzielczy w Działdowie z siedzibą w Lidzbarku,GL19 8642 1458 8680 40,34928033.86
864,Ernesta Jendrys,ejendrysnz@wsj.com,BANKA SPARKASSE d.d.,DO66 84JJ 9134 6355 6817 7973 2756,34831889.97
865,Gabriela Ferras,gferraso0@uiuc.edu,Mitchelstown Credit Union Limited,FR65 8915 8555 85AX 4ABK ZEDP O85,26985072.33
866,Diena Attwoull,dattwoullo1@shutterfly.com,RENASANT BANK,AD61 3692 6584 3CSS DVIH ZJR9,24939623.0
867,Pearline Wainscoat,pwainscoato2@goodreads.com,Norddeutsche Landesbank - Girozentrale -,CZ05 1966 2049 4335 1690 3897,12977973.16
868,Ki Hoodlass,khoodlasso3@photobucket.com,UNITED BANK,GB44 LSJW 3243 9328 6270 45,41806373.13
869,Aurore Brazil,abrazilo4@merriam-webster.com,Raiffeisenbank München-Süd eG,LI38 0044 0DKV ZG5C RUYX B,48019385.11
870,Erv Kupke,ekupkeo5@tmall.com,PENTAGON FEDERAL CREDIT UNION,IE21 YBPZ 6687 8545 6372 10,30010687.19
871,Matelda Braine,mbraineo6@nymag.com,PSD Bank Koblenz eG,BG35 SDXE 5141 16BB B7BI LM,7578959.88
872,Gualterio Scopes,gscopeso7@linkedin.com,Raiffeisenbank Bludenz-Montafon eGen,AE98 0265 3123 0009 3625 524,35516552.13
873,Nevsa Pinney,npinneyo8@uol.com.br,OTP Bank Nyrt.,AT49 2460 5144 8237 4505,26433033.0
874,Ludovico Vecard,lvecardo9@cargocollective.com,COMERICA BANK,LB78 2887 S3DN N2RO ZZ1G YZEC OZZ2,954768.56
875,Petronilla Ffoulkes,pffoulkesoa@multiply.com,Bank Spółdzielczy im. Stefczyka w Belsku Dużym,BE26 2022 8731 1419,8754231.55
876,Wanids Iacovucci,wiacovucciob@cafepress.com,US BANK,AD35 5378 1325 GH9Z WWS5 JSEK,34157517.94
877,Chance Gregoriou,cgregoriouoc@scientificamerican.com,Cahir Credit Union Limited,RO45 MTHM AKZC T16H AIEZ DTZO,3886591.39
878,Sawyere Jerche,sjercheod@disqus.com,FIRST NATIONAL BANK,GI69 IVCG FZ0E LLTB UNLG 91H,27059114.12
879,Carmine Golden of Ireland,cgoldenoe@instagram.com,HUNTINGTON NATIONAL BANK,LB48 4091 0HHT C7GY ZPRV D8JB KCSV,23466009.08
880,Andrea Boler,abolerof@ox.ac.uk,PNC BANK,ME45 1157 3173 8514 2028 65,44159092.26
881,Felisha Mungane,fmunganeog@wired.com,"Caixa Rural de Callosa d'en Sarrià, Cooperativa de Crédito Valenciana",AT45 9121 1317 9085 5892,44429987.31
882,Fidole Cowles,fcowlesoh@cdc.gov,GLACIER BANK,IL12 1358 9889 8331 1399 912,19670432.08
883,Shaylyn O'Fearguise,sofearguiseoi@rediff.com,BANCO BPM SOCIETA' PER AZIONI,FR12 3863 2969 73XE HXRT DYBY 114,29286610.66
884,Karyn Slatford,kslatfordoj@dropbox.com,FIRST BANK,FR51 4205 4037 20EZ JT0R DZCK 404,28106637.3
885,Regan Fancet,rfancetok@weibo.com,FIRST SECURITY BANK,FR33 7561 4233 93UW 3UGL HUQH V54,46198247.02
886,Lindy Shafier,lshafierol@ezinearticles.com,FIRST MIDWEST BANK,SE43 1148 1719 7466 1117 1907,36353806.33
887,Inez Petrelluzzi,ipetrelluzziom@businessinsider.com,TD BANK,GE92 PA33 6467 4007 5100 31,31439200.3
888,Samantha Chipp,schippon@yelp.com,FIRSTBANK,FR30 7202 0683 11V7 RQOT QGRS M82,14021145.08
889,Amaleta Lyon,alyonoo@auda.org.au,BANCO BPM SOCIETA' PER AZIONI,IT59 A970 3292 960G 0YXE 3WN7 RCT,13837901.63
890,Asher Cogger,acoggerop@hostgator.com,PROSPERITY BANK,FR68 2459 8396 45VX 1YCV DJLI R92,16731900.67
891,Eberhard Proudler,eproudleroq@posterous.com,BANK OF NORTH CAROLINA,FR86 6231 4329 61DN Q0A6 GRFU 735,11964923.72
892,Grayce Corthes,gcorthesor@bing.com,COMMUNITY BANK,BR74 5545 2027 2369 8432 7742 387U H,23759521.88
893,Giffy Croysdale,gcroysdaleos@blogger.com,INTESA SANPAOLO S.P.A.,GE85 HE40 1871 1119 4064 18,35095305.98
894,Mercedes Dodimead,mdodimeadot@discuz.net,BANCO BPM SOCIETA' PER AZIONI,LU23 9412 SLIM RZRT 9LVH,3112158.0
895,Kynthia Greenslade,kgreensladeou@go.com,SANTANDER BANK,LI26 8111 3SKB QFR0 IBYF C,43087996.67
896,Jolie Standage,jstandageov@upenn.edu,INTESA SANPAOLO S.P.A.,AZ04 NFQU C3PA UNX5 E5GH QPEZ 30G7,493789.54
897,Electra Anstie,eanstieow@boston.com,Finamur,HU64 7408 9599 9723 1184 3607 7998,4939794.39
898,Stevana Ely,selyox@vkontakte.ru,HSBC BANK,TR62 9213 41Q9 NLNR HYUC NYMW W7,31790103.63
899,Thatch Eiler,teileroy@dell.com,FIRST SECURITY BANK,DE48 6579 3050 0527 6023 36,42982197.21
900,Gratia Southern,gsouthernoz@msu.edu,Bank Spółdzielczy w Pułtusku,HU92 2984 8498 4057 4656 6201 9509,15011401.6
901,Jaime McNaught,jmcnaughtp0@yelp.com,PNC BANK,AD91 6997 5006 SBKW CTCX OWTU,35077389.11
902,Eleni Gartin,egartinp1@earthlink.net,ING Bank N.V.,FR81 3621 5497 32Q7 N0TP MBTE C30,20714606.2
903,Stavros Orpen,sorpenp2@github.com,BMO HARRIS BANK,AE98 3834 0630 2481 6119 293,36116803.35
904,Alida Shorbrook,ashorbrookp3@mysql.com,CHEMICAL BANK,MT41 ZVTU 9657 68NT EAHV YBTO YQBD HHJ,17078238.97
905,Marshal Wevell,mwevellp4@answers.com,SAXO BANK A/S,AL06 8447 7539 M0AM KLLZ CDCA OGMA,25492608.76
906,Andre Kezar,akezarp5@businesswire.com,Raiffeisen Regionalbank Schwaz-Wattens eGen,SM26 G168 5586 809L O6BU OUE2 KUZ,11585459.3
907,Roma Knolles-Green,rknollesgreenp6@ted.com,VALLEY NATIONAL BANK,EE69 9640 5850 2596 5647,5844589.04
908,Brendan Bradshaw,bbradshawp7@biglobe.ne.jp,BRED - Banque populaire,HR56 5288 8350 3878 8921 0,7629997.83
909,Kip Rollin,krollinp8@meetup.com,BANNER BANK,NO64 2018 2280 317,42310574.57
910,Burlie Fitchell,bfitchellp9@skyrock.com,Raiffeisenbank Wyhl eG,IT08 W086 7809 744U 7EXJ K3C2 BN7,18852382.34
911,Adan Janikowski,ajanikowskipa@ed.gov,"Caja Rural de Jaén, Barcelona y Madrid, Sociedad Cooperativa de Crédito",MT71 QELY 7919 7LCM JJDX IO5L WTEK FJD,45831065.65
912,Eldridge Melrose,emelrosepb@bing.com,BANCO BPM SOCIETA' PER AZIONI,FI81 0518 6990 6764 53,13034457.01
913,Steven Poel,spoelpc@answers.com,FIRST NATIONAL BANK OF PENNSYLVANIA,ME75 2452 9668 3286 6059 09,25219287.55
914,Marris O'Haire,mohairepd@php.net,FIRST BANK,IT52 A015 2066 830M UAVM PMLH NJX,36986083.3
915,Paloma Gabriely,pgabrielype@seesaa.net,Norddeutsche Landesbank - Girozentrale -,IT23 I669 8991 188I 81XH 5OJ7 6GA,27952346.85
916,Nixie Alford,nalfordpf@github.com,Raiffeisen Bank International AG,IE51 NMNC 1671 9020 1308 80,28679621.0
917,Christian Payton,cpaytonpg@smh.com.au,RENASANT BANK,FR08 6475 3411 24HU QYHR 7VLR H66,26469146.17
918,Ally Broadbear,abroadbearph@privacy.gov.au,FEDERAL RESERVE BANK,ES43 5639 3891 2627 8553 4462,32544944.77
919,Rae Clague,rclaguepi@google.com.au,DEUTSCHE BANK AKTIENGESELLSCHAFT,AE32 4972 4354 7127 1344 001,22861922.25
920,Karlotta Tellenbrok,ktellenbrokpj@whitehouse.gov,MUFG UNION BANK,CZ15 0088 1411 0277 0872 2240,42545494.97
921,Seward Carrier,scarrierpk@bizjournals.com,State Bank of India,SE38 7322 2463 4326 7085 7677,37194053.95
922,Cornie Ruckledge,cruckledgepl@merriam-webster.com,BANCO BPM SOCIETA' PER AZIONI,LI15 2449 2IDO 74UF KKNU V,21487174.79
923,Angeli Brunicke,abrunickepm@weebly.com,FIRST NATIONAL BANK OF PENNSYLVANIA,GI39 AEDQ D0EF M6N9 EVSR 17E,32615310.19
924,Paco Cominello,pcominellopn@studiopress.com,BANCO BPM SOCIETA' PER AZIONI,FR52 0725 9861 050T 9NOO 7OJX 604,28466954.11
925,Sheelah Feldhorn,sfeldhornpo@addtoany.com,BANCO BPM SOCIETA' PER AZIONI,MK41 366D NOIK QDNV P93,47960495.41
926,Rhianna Shemmans,rshemmanspp@constantcontact.com,FIRST BANK,MR13 7012 0225 1969 4914 2084 343,22500243.48
927,Carlynne Hercock,chercockpq@columbia.edu,Coöperatieve Rabobank U.A.,NO54 8178 0146 168,480377.14
928,Dedie Gordge,dgordgepr@liveinternet.ru,FIFTH THIRD BANK,LV69 EYTC CIG9 DXAF RTXC Y,48055970.51
929,Fionna Vicary,fvicaryps@imageshack.us,FINANCIAL PARTNERS CREDIT UNION,RS66 1655 1100 1137 6204 92,30092630.42
930,Brit Cowlin,bcowlinpt@shareasale.com,M B FINANCIAL BANK,BE95 9267 5409 8643,48189873.97
931,Bank Jewes,bjewespu@blinklist.com,CITY NATIONAL BANK,IL95 2035 1204 6320 3731 873,11305515.38
932,Robin Hilliam,rhilliampv@oaic.gov.au,FIRST TENNESSEE BANK,MT23 IBGL 2745 5CVG Z0RQ MN0H OGSJ XAI,32572606.02
933,Kaleena Maykin,kmaykinpw@si.edu,Intesa Sanpaolo Bank Luxembourg S.A.,NO23 2290 5269 905,8975925.62
934,Roosevelt Skellington,rskellingtonpx@amazonaws.com,PROSPERITY BANK,LB32 8434 702D LJT4 FOZQ 2I6B 2CUG,36541066.02
935,Maryl Gillinghams,mgillinghamspy@jugem.jp,FIRST NATIONAL BANK,AZ16 ULDA Y8H8 YQLJ CAE2 DCXH NAWY,2457186.18
936,Fidela Robiou,frobioupz@clickbank.net,BANCA DI SCONTO S.P.A.,CZ40 0012 4264 5436 4824 6082,48306699.38
937,Corbett Greenland,cgreenlandq0@sbwire.com,FEDERAL RESERVE BANK,SM44 A131 3733 726D FYBC QAGD U66,2708958.98
938,Neill Sweeny,nsweenyq1@wix.com,HSBC Private Bank (Luxembourg) S.A.,RO79 LDFW RI0A 5AKZ J7P1 EYNS,39520429.36
939,Eden Mughal,emughalq2@myspace.com,BANCA DEL PIEMONTE S.P.A.,EE57 6008 5256 3402 5708,42419563.84
940,Tamar Boriston,tboristonq3@goo.gl,BANCA DEL PIEMONTE S.P.A.,RO32 SFTC NOZF 5K0G ET8V TF9G,37030419.95
941,Candida Doppler,cdopplerq4@oakley.com,Volksbank Nottuln eG,FR05 2633 3402 69UF LA7D KWI0 I23,47514894.49
942,Benito Stanistrete,bstanistreteq5@linkedin.com,Landesbank Saar,FR64 9832 1848 377F ICPQ GMN3 L99,1816068.87
943,Chandal Thurber,cthurberq6@mit.edu,CENTENNIAL BANK,SK73 1620 5711 6844 7730 6514,16443529.47
944,Josee Anlay,janlayq7@paypal.com,COMMUNITY STATE BANK,MD50 AZWM WSNR QS5A YV1M JKHQ,43145843.93
945,Ozzy Swine,oswineq8@typepad.com,"Caja Rural de Utrera, Sociedad Cooperativa Andaluza de Crédito",FR34 2482 1938 32YT ZCOQ UM8Z I21,34915719.43
946,Ginger Phifer,gphiferq9@biglobe.ne.jp,BMO HARRIS BANK,NL65 HQLA 7076 3507 97,12342083.95
947,Katlin Dicks,kdicksqa@jimdo.com,BANK OF AMERICA,IL80 3208 1353 8954 2222 667,3038053.35
948,Quinton Corney,qcorneyqb@feedburner.com,J.P. Morgan SE,IT63 P213 4573 003X Q0RF FQAT 4JP,23946423.07
949,Katha Reeds,kreedsqc@aol.com,VALLEY NATIONAL BANK,AD15 9042 6709 UMGL 7AXN 2KDG,17152287.2
950,Othella Buntine,obuntineqd@wix.com,Raiffeisenbank Region Waldviertel Mitte eGen,FR19 9559 9989 05LQ NY5Q HAN8 740,18565386.44
951,Karyn Leere,kleereqe@cam.ac.uk,Drumcondra and District Credit Union Limited,BE26 2300 3084 3825,26587062.96
952,Gilberte Hollingdale,ghollingdaleqf@vk.com,BANKPLUS,RO19 NAZL CVM7 MIAF ZU2G UEJC,4451930.22
953,Ediva Gorch,egorchqg@naver.com,BNP Paribas,FR57 9968 1459 117G CI0P OCRL K97,11115109.37
954,Gerard Hulcoop,ghulcoopqh@loc.gov,PSD Bank Nord eG,MR26 9545 6333 6778 6832 0625 696,32811092.07
955,Ange Glowach,aglowachqi@pen.io,PNC BANK INC. - BALTIMORE,HR69 9678 9269 1961 9292 1,29107114.77
956,Dalt Danilevich,ddanilevichqj@diigo.com,Sparkasse Bad Kissingen,GI25 UXAK JLJG 1ZCY K4F6 E5E,48360624.37
957,Agustin Benesevich,abenesevichqk@bbb.org,Sächsische Aufbaubank - Förderbank -,SE48 1990 7984 0027 6196 2606,31060489.38
958,Woody McCourtie,wmccourtieql@nature.com,Volksbank Geest eG,FR98 1096 0814 083X QW8T ZZFA G44,13378862.11
959,Jemima Strangward,jstrangwardqm@infoseek.co.jp,FIRST NATIONAL BANK OF OMAHA,ES89 2026 8243 9691 3251 9277,43372065.53
960,Emeline Cossom,ecossomqn@live.com,JPMORGAN CHASE,GE13 FR88 7697 0002 2596 13,45921101.05
961,Chevalier Pickrell,cpickrellqo@washingtonpost.com,State Bank of India,SE40 5521 6462 4457 9294 1478,39972169.29
962,Tonia Snelman,tsnelmanqp@livejournal.com,KBC Bank,NL86 CSAN 4699 4050 15,17997101.72
963,Minta Klishin,mklishinqq@themeforest.net,BPCE lease,LU04 473I P9VW B271 OUPV,19011988.48
964,Corenda Gartsyde,cgartsydeqr@nyu.edu,BANCA DI UDINE CREDITO COOPERATIVO - SOCIETA' COOPERATIVA,KW51 CGDU RJV8 EQQX 1YTG TDVF BLM2 EG,46506806.72
965,Fabian Rippingall,frippingallqs@zdnet.com,Skandinaviska Enskilda Banken AB,FR96 8981 6235 47FH XNYG OBCK S52,18577971.23
966,Saxon Derrett,sderrettqt@xinhuanet.com,FIRST SAVINGS BANK,DO56 OQIQ 8142 7299 3877 1991 8534,46521958.79
967,Dina Baggot,dbaggotqu@networksolutions.com,IBERIABANK,BH90 KQPI LDKN K7I1 N1HL EC,5967882.65
968,Cliff Coppledike,ccoppledikeqv@businessinsider.com,Skandinaviska Enskilda Banken AB,SA94 506I N5ST J7RC 3RNJ WVG3,29602619.87
969,Ban Korn,bkornqw@drupal.org,WELLS FARGO BANK,FI08 7202 9412 8396 00,21878637.56
970,Sherlock Silbersak,ssilbersakqx@booking.com,Säästöpankki Kalanti-Pyhäranta,IL41 4030 9323 7528 2689 659,44163128.42
971,Mallorie Ruusa,mruusaqy@businessinsider.com,CITIZENS BANK,SM53 V985 5343 604R THFC HMQP UMT,13665610.98
972,Gonzales Stares,gstaresqz@cnbc.com,"China Construction Bank Corporation, Luxembourg Branch",TN41 3938 4190 9315 3466 5372,46709190.52
973,Georas MacGillivrie,gmacgillivrier0@furl.net,BANCO BPM SOCIETA' PER AZIONI,ES34 4592 5008 3269 0880 9015,35482811.61
974,Alvie Caunce,acauncer1@fc2.com,CaixaBank Wealth Management Luxembourg S.A.,BA48 4814 6802 2468 9107,31189625.73
975,Kristal Winterson,kwintersonr2@behance.net,XENITH BANK,DE32 3024 2009 4450 8752 25,3340845.97
976,Petra Colman,pcolmanr3@google.nl,BANK OF AMERICA,HR44 3795 6357 6474 2402 8,35897043.63
977,Thoma Chetwynd,tchetwyndr4@xinhuanet.com,COMMUNITY FIRST BANK,MK32 516N AJ51 WNZF T46,24225537.08
978,Emmy Adshed,eadshedr5@nsw.gov.au,First Choice Credit Union Limited,BE81 3291 0913 1661,25981838.5
979,Ive Plowright,iplowrightr6@sohu.com,ABN AMRO Bank N.V.,BG27 YSRB 5491 63B2 V3EK PX,43775426.66
980,Lou Rusling,lruslingr7@mapquest.com,FIRST FINANCIAL BANK,MC30 3704 6575 16GK 1QCK LIYZ D66,26752516.49
981,Michelle Crickmore,mcrickmorer8@netlog.com,BPCE,MC19 7173 7156 1054 DQGG PPIY 308,24756230.21
982,Haley Terbeck,hterbeckr9@nba.com,KEYBANK,GL81 0622 6173 6823 25,27203499.86
983,Jewelle Bentham,jbenthamra@usgs.gov,FIRST BANK,ES19 1592 4511 6648 1765 3946,18560330.81
984,Lonni Clemont,lclemontrb@java.com,PIRAEUS BANK SA,TR66 7849 3ROV SA3O ZKPL RPQT L6,14166929.12
985,Smith Parsons,sparsonsrc@mediafire.com,FIRST BANK & TRUST,CZ06 9738 9368 1606 2175 3831,2697571.18
986,Persis Grote,pgroterd@friendfeed.com,BANCO BPM SOCIETA' PER AZIONI,BG54 MAWM 6971 57DW 5ALH KS,15486282.02
987,Jamal Greve,jgrevere@amazon.co.jp,Airbus Bank GmbH,DK21 1143 9902 2813 80,7283978.09
988,Vladamir Pear,vpearrf@patch.com,"BANCA DI CREDITO COOPERATIVO DI VENEZIA, PADOVA E ROVIGO - BANCA ANNIA SOCIETA' COOPERATIVA",VG76 IXUA 0280 3622 7432 1509,24758217.08
989,Vivienne Glasard,vglasardrg@bbc.co.uk,Kelmės kredito unija,TN32 2028 9438 1650 4387 2516,3831277.99
990,Erskine Benois,ebenoisrh@altervista.org,Waldviertler Sparkasse Bank AG,BR50 7700 4577 3152 4446 5770 825Y C,2408773.83
991,Finley Stilwell,fstilwellri@over-blog.com,CHEMICAL BANK,FI44 2714 6228 2556 33,22980330.69
992,Faye Roblou,froblourj@liveinternet.ru,Raiffeisenbank Wallersee eGen,FR44 7119 0500 77EV QP3V A3JA W51,37013887.48
993,Grace Wallen,gwallenrk@linkedin.com,BUSEY BANK,RO68 RAFV SP5S YJCI 53LT UAZS,30291373.24
994,Mandy Crosen,mcrosenrl@nymag.com,CASSA RAIFFEISEN CASTELROTTO - ORTISEI SOC. COOPERATIVA - RAIFFEISENKASSE KASTELRUTH - ST. ULRICH GENOSSENSCHAFT,CZ16 8045 3796 6006 6088 2584,46103336.72
995,Hildy McKyrrelly,hmckyrrellyrm@over-blog.com,AS TBB pank,CY95 1605 6755 3F3W MBWL DRRX LH5C,9209455.88
996,Ashley Beton,abetonrn@latimes.com,Raiffeisenbank Unteres Vilstal eG,FR02 7669 0692 58KY 9MNL SSDC D35,44644561.02
997,Breanne Jacombs,bjacombsro@tiny.cc,M B FINANCIAL BANK,RS16 5460 4509 1959 6702 90,20284451.75
998,Hogan Dytham,hdythamrp@state.tx.us,FIRST NATIONAL BANK,GI29 MRWD JHFA LMLU WZ3V EUC,35321797.99
999,Jennee Newbegin,jnewbeginrq@salon.com,Liechtensteinische Landesbank (Österreich) AG,MK82 0180 CB3U RKJI M64,27555510.06
1000,Lester Langlais,llanglaisrr@technorati.com,LBS Landesbausparkasse NordWest,SA70 16WM RBWJ FYNJ UYZE T8GD,36569597.97
